"ENTa","Source","Year_Rep","Value"
52001,"WSU","YLD_E1",5945.14
52001,"WSU","YLD_E2",5593.75
52001,"WSU","YLD_E4",5405.79
52001,"WSU","YLD_E5",6035.23
52001,"WSU","YLD_BLUPs",5522.85
52002,"WSU","YLD_E1",6267.64
52002,"WSU","YLD_E2",5666.55
52002,"WSU","YLD_E4",5712.12
52002,"WSU","YLD_E5",6105.01
52002,"WSU","YLD_BLUPs",5759.28
52003,"WSU","YLD_E1",5366.8
52003,"WSU","YLD_E2",5614.09
52003,"WSU","YLD_E4",5861.16
52003,"WSU","YLD_E5",6597.03
52003,"WSU","YLD_BLUPs",5990.82
52004,"WSU","YLD_E1",5221.34
52004,"WSU","YLD_E2",5404.26
52004,"WSU","YLD_E4",5923.09
52004,"WSU","YLD_E5",6393.54
52004,"WSU","YLD_BLUPs",5776.42
52005,"WSU","YLD_E1",6668.46
52005,"WSU","YLD_E2",5847.48
52005,"WSU","YLD_E4",6125.24
52005,"WSU","YLD_E5",6801.84
52005,"WSU","YLD_BLUPs",6457.15
52006,"WSU","YLD_E1",6105.4
52006,"WSU","YLD_E2",5463.14
52006,"WSU","YLD_E4",5901.34
52006,"WSU","YLD_E5",6378.97
52006,"WSU","YLD_BLUPs",5867.79
52007,"WSU","YLD_E1",4750.83
52007,"WSU","YLD_E2",5337.88
52007,"WSU","YLD_E4",5251.12
52007,"WSU","YLD_E5",5979.33
52007,"WSU","YLD_BLUPs",5183.21
52008,"WSU","YLD_E1",5820.97
52008,"WSU","YLD_E2",5837.85
52008,"WSU","YLD_E4",5816.44
52008,"WSU","YLD_E5",6546.04
52008,"WSU","YLD_BLUPs",6104.63
52009,"WSU","YLD_E1",5249.36
52009,"WSU","YLD_E2",5377.49
52009,"WSU","YLD_E4",5645.38
52009,"WSU","YLD_E5",6094.5
52009,"WSU","YLD_BLUPs",5479.41
52010,"WSU","YLD_E1",5898.7
52010,"WSU","YLD_E2",5499.54
52010,"WSU","YLD_E4",6244
52010,"WSU","YLD_E5",6356.66
52010,"WSU","YLD_BLUPs",6002.36
52011,"WSU","YLD_E1",6340.98
52011,"WSU","YLD_E2",5888.16
52011,"WSU","YLD_E4",6036.48
52011,"WSU","YLD_E5",6738.66
52011,"WSU","YLD_BLUPs",6377.97
52012,"WSU","YLD_E1",7013.38
52012,"WSU","YLD_E2",5630.15
52012,"WSU","YLD_E4",6091.53
52012,"WSU","YLD_E5",6293.77
52012,"WSU","YLD_BLUPs",6070.41
52013,"WSU","YLD_E1",6414.75
52013,"WSU","YLD_E2",5602.32
52013,"WSU","YLD_E4",5870.66
52013,"WSU","YLD_E5",6846.06
52013,"WSU","YLD_BLUPs",6218.51
52014,"WSU","YLD_E1",5346.62
52014,"WSU","YLD_E2",5522.02
52014,"WSU","YLD_E4",5771.57
52014,"WSU","YLD_E5",6286.66
52014,"WSU","YLD_BLUPs",5727.39
52015,"WSU","YLD_E1",6384.95
52015,"WSU","YLD_E2",5851.76
52015,"WSU","YLD_E4",6018.32
52015,"WSU","YLD_E5",7005.28
52015,"WSU","YLD_BLUPs",6503.33
52016,"WSU","YLD_E1",6584.31
52016,"WSU","YLD_E2",5549.86
52016,"WSU","YLD_E4",5999.19
52016,"WSU","YLD_E5",6767.61
52016,"WSU","YLD_BLUPs",6215.24
52017,"WSU","YLD_E1",4326.21
52017,"WSU","YLD_E2",5086.29
52017,"WSU","YLD_E4",5764.83
52017,"WSU","YLD_E5",5919.65
52017,"WSU","YLD_BLUPs",5193.65
52018,"WSU","YLD_E1",6675.17
52018,"WSU","YLD_E2",5434.23
52018,"WSU","YLD_E4",6048.59
52018,"WSU","YLD_E5",7059.22
52018,"WSU","YLD_BLUPs",6344.04
52019,"WSU","YLD_E1",6586.31
52019,"WSU","YLD_E2",5563.77
52019,"WSU","YLD_E4",5853.59
52019,"WSU","YLD_E5",7059.17
52019,"WSU","YLD_BLUPs",6324.27
52020,"WSU","YLD_E1",5590.46
52020,"WSU","YLD_E2",5515.6
52020,"WSU","YLD_E4",5615.93
52020,"WSU","YLD_E5",6026.51
52020,"WSU","YLD_BLUPs",5533.69
52021,"WSU","YLD_E1",5776.17
52021,"WSU","YLD_E2",5303.62
52021,"WSU","YLD_E4",5748.73
52021,"WSU","YLD_E5",6178.65
52021,"WSU","YLD_BLUPs",5575.67
52022,"WSU","YLD_E1",5179.3
52022,"WSU","YLD_E2",5576.62
52022,"WSU","YLD_E4",5895.29
52022,"WSU","YLD_E5",6841.7
52022,"WSU","YLD_BLUPs",6105.33
52023,"WSU","YLD_E1",7258.74
52023,"WSU","YLD_E2",5814.29
52023,"WSU","YLD_E4",6122.63
52023,"WSU","YLD_E5",6761.49
52023,"WSU","YLD_BLUPs",6466.54
52024,"WSU","YLD_E1",6983.35
52024,"WSU","YLD_E2",5419.24
52024,"WSU","YLD_E4",6060.15
52024,"WSU","YLD_E5",6389.67
52024,"WSU","YLD_BLUPs",5993.21
52025,"WSU","YLD_E1",6789.01
52025,"WSU","YLD_E2",5675.12
52025,"WSU","YLD_E4",5610.29
52025,"WSU","YLD_E5",6875.07
52025,"WSU","YLD_BLUPs",6196.47
52026,"WSU","YLD_E1",6654.43
52026,"WSU","YLD_E2",6051.97
52026,"WSU","YLD_E4",5917.86
52026,"WSU","YLD_E5",7207.15
52026,"WSU","YLD_BLUPs",6706.01
52027,"UI","YLD_E1",5757.13
52027,"UI","YLD_E2",5592.68
52027,"UI","YLD_E4",6488.82
52027,"UI","YLD_E5",7143.12
52027,"UI","YLD_BLUPs",6584.2
52028,"UI","YLD_E1",5031.64
52028,"UI","YLD_E2",5778.96
52028,"UI","YLD_E4",6009.78
52028,"UI","YLD_E5",6561.7
52028,"UI","YLD_BLUPs",6094.78
52029,"UI","YLD_E1",4397.4
52029,"UI","YLD_E2",5448.15
52029,"UI","YLD_E4",6179.46
52029,"UI","YLD_E5",7058.25
52029,"UI","YLD_BLUPs",6209.06
52030,"UI","YLD_E1",4740.71
52030,"UI","YLD_E2",5641.93
52030,"UI","YLD_E4",6149.32
52030,"UI","YLD_E5",6902.13
52030,"UI","YLD_BLUPs",6244.34
52031,"UI","YLD_E1",5559.38
52031,"UI","YLD_E2",6010.21
52031,"UI","YLD_E4",6622.58
52031,"UI","YLD_E5",7101.36
52031,"UI","YLD_BLUPs",6827.75
52032,"UI","YLD_E1",5635.13
52032,"UI","YLD_E2",5322.89
52032,"UI","YLD_E4",6177.67
52032,"UI","YLD_E5",6612.18
52032,"UI","YLD_BLUPs",5998.05
52033,"UI","YLD_E1",5961.03
52033,"UI","YLD_E2",5523.09
52033,"UI","YLD_E4",5827.58
52033,"UI","YLD_E5",6149.14
52033,"UI","YLD_BLUPs",5728.21
52034,"UI","YLD_E1",5350.16
52034,"UI","YLD_E2",5596.96
52034,"UI","YLD_E4",5972.08
52034,"UI","YLD_E5",6363.11
52034,"UI","YLD_BLUPs",5896.3
52035,"UI","YLD_E1",5200.27
52035,"UI","YLD_E2",5624.8
52035,"UI","YLD_E4",6034.42
52035,"UI","YLD_E5",6758.05
52035,"UI","YLD_BLUPs",6145.62
52036,"UI","YLD_E1",5345.71
52036,"UI","YLD_E2",5737.21
52036,"UI","YLD_E4",5490.57
52036,"UI","YLD_E5",6473.18
52036,"UI","YLD_BLUPs",5829.78
52037,"UI","YLD_E1",5647.37
52037,"UI","YLD_E2",5561.63
52037,"UI","YLD_E4",6364.14
52037,"UI","YLD_E5",6646.02
52037,"UI","YLD_BLUPs",6227.02
52038,"UI","YLD_E1",5318.49
52038,"UI","YLD_E2",5604.46
52038,"UI","YLD_E4",6067.31
52038,"UI","YLD_E5",6603.56
52038,"UI","YLD_BLUPs",6072.33
52039,"UI","YLD_E1",4101.15
52039,"UI","YLD_E2",5319.68
52039,"UI","YLD_E4",6065.93
52039,"UI","YLD_E5",6756.33
52039,"UI","YLD_BLUPs",5896.48
52040,"UI","YLD_E1",3787.15
52040,"UI","YLD_E2",5240.45
52040,"UI","YLD_E4",5820.98
52040,"UI","YLD_E5",6363.84
52040,"UI","YLD_BLUPs",5502.97
52041,"Other","YLD_E1",5794.12
52041,"Other","YLD_E2",6181.51
52041,"Other","YLD_E4",5983.64
52041,"Other","YLD_E5",6653.46
52041,"Other","YLD_BLUPs",6420.36
52042,"UI","YLD_E1",5263.56
52042,"UI","YLD_E2",5640.86
52042,"UI","YLD_E4",5885.79
52042,"UI","YLD_E5",6631.66
52042,"UI","YLD_BLUPs",6026.27
52043,"UI","YLD_E1",5503.65
52043,"UI","YLD_E2",5785.39
52043,"UI","YLD_E4",5966.44
52043,"UI","YLD_E5",6648.43
52043,"UI","YLD_BLUPs",6169.29
52044,"UI","YLD_E1",6090.47
52044,"UI","YLD_E2",5735.07
52044,"UI","YLD_E4",6235.06
52044,"UI","YLD_E5",6879.66
52044,"UI","YLD_BLUPs",6435.81
52045,"UI","YLD_E1",6134.25
52045,"UI","YLD_E2",5607.67
52045,"UI","YLD_E4",6353.68
52045,"UI","YLD_E5",7029.91
52045,"UI","YLD_BLUPs",6504.5
52046,"UI","YLD_E1",4904.65
52046,"UI","YLD_E2",5418.17
52046,"UI","YLD_E4",6117.81
52046,"UI","YLD_E5",7003.43
52046,"UI","YLD_BLUPs",6179.96
52047,"UI","YLD_E1",5155.73
52047,"UI","YLD_E2",5504.89
52047,"UI","YLD_E4",5988.18
52047,"UI","YLD_E5",7006.44
52047,"UI","YLD_BLUPs",6195.65
52048,"UI","YLD_E1",4126.3
52048,"UI","YLD_E2",5168.72
52048,"UI","YLD_E4",5923.64
52048,"UI","YLD_E5",6191.21
52048,"UI","YLD_BLUPs",5440.35
52049,"UI","YLD_E1",6046.42
52049,"UI","YLD_E2",5851.76
52049,"UI","YLD_E4",6085.61
52049,"UI","YLD_E5",6532.22
52049,"UI","YLD_BLUPs",6238.04
52050,"UI","YLD_E1",4212.2
52050,"UI","YLD_E2",5345.37
52050,"UI","YLD_E4",4884.93
52050,"UI","YLD_E5",6672.68
52050,"UI","YLD_BLUPs",5373
52051,"UI","YLD_E1",4882.87
52051,"UI","YLD_E2",5379.63
52051,"UI","YLD_E4",5859.92
52051,"UI","YLD_E5",6144.21
52051,"UI","YLD_BLUPs",5567.51
52052,"UI","YLD_E1",6019.27
52052,"UI","YLD_E2",5676.19
52052,"UI","YLD_E4",5872.86
52052,"UI","YLD_E5",7044.34
52052,"UI","YLD_BLUPs",6336.17
52053,"UI","YLD_E1",3798.8
52053,"UI","YLD_E2",5148.38
52053,"UI","YLD_E4",6052.44
52053,"UI","YLD_E5",7100.28
52053,"UI","YLD_BLUPs",5963.59
52054,"UI","YLD_E1",5920.75
52054,"UI","YLD_E2",5743.63
52054,"UI","YLD_E4",5891.71
52054,"UI","YLD_E5",7349.88
52054,"UI","YLD_BLUPs",6543.16
52055,"UI","YLD_E1",4626.71
52055,"UI","YLD_E2",5374.28
52055,"UI","YLD_E4",6108.59
52055,"UI","YLD_E5",6770.71
52055,"UI","YLD_BLUPs",5997.99
52056,"UI","YLD_E1",4374.78
52056,"UI","YLD_E2",4893.58
52056,"UI","YLD_E4",4874.6
52056,"UI","YLD_E5",5666.98
52056,"UI","YLD_BLUPs",4574.49
52057,"UI","YLD_E1",4809.92
52057,"UI","YLD_E2",5288.63
52057,"UI","YLD_E4",6051.62
52057,"UI","YLD_E5",6933.68
52057,"UI","YLD_BLUPs",6034.14
52058,"UI","YLD_E1",4355.05
52058,"UI","YLD_E2",5165.51
52058,"UI","YLD_E4",6065.79
52058,"UI","YLD_E5",6734.59
52058,"UI","YLD_BLUPs",5822.37
52059,"UCD","YLD_E1",6833.88
52059,"UCD","YLD_E2",6013.42
52059,"UCD","YLD_E4",5748.59
52059,"UCD","YLD_E5",6589.73
52059,"UCD","YLD_BLUPs",6283.75
52060,"UCD","YLD_E1",7192.86
52060,"UCD","YLD_E2",5846.41
52060,"UCD","YLD_E4",6212.08
52060,"UCD","YLD_E5",6832.38
52060,"UCD","YLD_BLUPs",6555.93
52061,"UCD","YLD_E1",6986.33
52061,"UCD","YLD_E2",5798.23
52061,"UCD","YLD_E4",6215.65
52061,"UCD","YLD_E5",6762.21
52061,"UCD","YLD_BLUPs",6474
52062,"UCD","YLD_E1",6877.99
52062,"UCD","YLD_E2",5554.14
52062,"UCD","YLD_E4",6156.48
52062,"UCD","YLD_E5",6716.06
52062,"UCD","YLD_BLUPs",6280.78
52063,"UCD","YLD_E1",4737.1
52063,"UCD","YLD_E2",5155.88
52063,"UCD","YLD_E4",6347.76
52063,"UCD","YLD_E5",7024.16
52063,"UCD","YLD_BLUPs",6131.57
52064,"UCD","YLD_E1",5653.39
52064,"UCD","YLD_E2",5477.06
52064,"UCD","YLD_E4",5457.81
52064,"UCD","YLD_E5",6605.76
52064,"UCD","YLD_BLUPs",5774.97
52065,"UCD","YLD_E1",7569.06
52065,"UCD","YLD_E2",5478.13
52065,"UCD","YLD_E4",6017.35
52065,"UCD","YLD_E5",6415.62
52065,"UCD","YLD_BLUPs",6072.45
52066,"UCD","YLD_E1",6019.82
52066,"UCD","YLD_E2",4904.29
52066,"UCD","YLD_E4",5755.61
52066,"UCD","YLD_E5",6766.56
52066,"UCD","YLD_BLUPs",5710.83
52067,"UCD","YLD_E1",6841.82
52067,"UCD","YLD_E2",5232.96
52067,"UCD","YLD_E4",5986.66
52067,"UCD","YLD_E5",6137.76
52067,"UCD","YLD_BLUPs",5707.56
52068,"UCD","YLD_E1",6907.02
52068,"UCD","YLD_E2",5405.33
52068,"UCD","YLD_E4",5857.31
52068,"UCD","YLD_E5",6484.36
52068,"UCD","YLD_BLUPs",5945.98
52069,"UCD","YLD_E1",6656.8
52069,"UCD","YLD_E2",5734
52069,"UCD","YLD_E4",5901.76
52069,"UCD","YLD_E5",6647.6
52069,"UCD","YLD_BLUPs",6213.37
52070,"UCD","YLD_E1",6637.03
52070,"UCD","YLD_E2",5412.82
52070,"UCD","YLD_E4",5889.1
52070,"UCD","YLD_E5",6331.33
52070,"UCD","YLD_BLUPs",5854.61
52071,"UCD","YLD_E1",6132.43
52071,"UCD","YLD_E2",5389.27
52071,"UCD","YLD_E4",5909.05
52071,"UCD","YLD_E5",6207.35
52071,"UCD","YLD_BLUPs",5737.24
52072,"UCD","YLD_E1",6531.9
52072,"UCD","YLD_E2",5250.09
52072,"UCD","YLD_E4",5874.78
52072,"UCD","YLD_E5",6745.07
52072,"UCD","YLD_BLUPs",5982.07
52073,"UCD","YLD_E1",6581.83
52073,"UCD","YLD_E2",5404.26
52073,"UCD","YLD_E4",5915.66
52073,"UCD","YLD_E5",6560.6
52073,"UCD","YLD_BLUPs",5984.58
52074,"UCD","YLD_E1",6163.96
52074,"UCD","YLD_E2",5724.36
52074,"UCD","YLD_E4",5625.56
52074,"UCD","YLD_E5",6493.71
52074,"UCD","YLD_BLUPs",5962.42
52075,"UCD","YLD_E1",6454.38
52075,"UCD","YLD_E2",5862.47
52075,"UCD","YLD_E4",5853.45
52075,"UCD","YLD_E5",7064.45
52075,"UCD","YLD_BLUPs",6478.32
52076,"UCD","YLD_E1",5816.85
52076,"UCD","YLD_E2",5531.66
52076,"UCD","YLD_E4",5705.24
52076,"UCD","YLD_E5",6768.6
52076,"UCD","YLD_BLUPs",6014.72
52077,"UCD","YLD_E1",5618.88
52077,"UCD","YLD_E2",5474.92
52077,"UCD","YLD_E4",6439.83
52077,"UCD","YLD_E5",6660.82
52077,"UCD","YLD_BLUPs",6217.63
52078,"UCD","YLD_E1",6330.79
52078,"UCD","YLD_E2",5952.4
52078,"UCD","YLD_E4",5766.89
52078,"UCD","YLD_E5",6610.09
52078,"UCD","YLD_BLUPs",6226.03
52079,"UCD","YLD_E1",6433.08
52079,"UCD","YLD_E2",5447.08
52079,"UCD","YLD_E4",6009.37
52079,"UCD","YLD_E5",6059.46
52079,"UCD","YLD_BLUPs",5754.62
52080,"UCD","YLD_E1",7269.57
52080,"UCD","YLD_E2",5757.55
52080,"UCD","YLD_E4",6294.37
52080,"UCD","YLD_E5",6873.24
52080,"UCD","YLD_BLUPs",6571.84
52081,"UCD","YLD_E1",6673.79
52081,"UCD","YLD_E2",5615.16
52081,"UCD","YLD_E4",6335.79
52081,"UCD","YLD_E5",6674.18
52081,"UCD","YLD_BLUPs",6348.94
52082,"UCD","YLD_E1",5394.92
52082,"UCD","YLD_E2",4987.79
52082,"UCD","YLD_E4",5705.38
52082,"UCD","YLD_E5",6258.36
52082,"UCD","YLD_BLUPs",5396.85
52083,"UCD","YLD_E1",5301.18
52083,"UCD","YLD_E2",5437.44
52083,"UCD","YLD_E4",5833.36
52083,"UCD","YLD_E5",6070.24
52083,"UCD","YLD_BLUPs",5582.67
52084,"UCD","YLD_E1",7306.51
52084,"UCD","YLD_E2",5746.85
52084,"UCD","YLD_E4",6090.15
52084,"UCD","YLD_E5",6451.95
52084,"UCD","YLD_BLUPs",6247.19
52085,"UCD","YLD_E1",6919.15
52085,"UCD","YLD_E2",5630.15
52085,"UCD","YLD_E4",6220.06
52085,"UCD","YLD_E5",6685.1
52085,"UCD","YLD_BLUPs",6335.41
52086,"UCD","YLD_E1",6355.7
52086,"UCD","YLD_E2",5714.73
52086,"UCD","YLD_E4",5873.82
52086,"UCD","YLD_E5",6557.57
52086,"UCD","YLD_BLUPs",6114.66
52087,"UCD","YLD_E1",5613.64
52087,"UCD","YLD_E2",5659.06
52087,"UCD","YLD_E4",5904.1
52087,"UCD","YLD_E5",6751.75
52087,"UCD","YLD_BLUPs",6141.37
52088,"UCD","YLD_E1",3845.58
52088,"UCD","YLD_E2",4883.95
52088,"UCD","YLD_E4",6037.72
52088,"UCD","YLD_E5",7338.9
52088,"UCD","YLD_BLUPs",5950.76
52089,"UCD","YLD_E1",6525.27
52089,"UCD","YLD_E2",5007.07
52089,"UCD","YLD_E4",6183.04
52089,"UCD","YLD_E5",6549.5
52089,"UCD","YLD_BLUPs",5870.47
52090,"UCD","YLD_E1",7008.12
52090,"UCD","YLD_E2",5706.16
52090,"UCD","YLD_E4",5989.97
52090,"UCD","YLD_E5",7037.47
52090,"UCD","YLD_BLUPs",6484.03
52091,"UCD","YLD_E1",4514.61
52091,"UCD","YLD_E2",5496.33
52091,"UCD","YLD_E4",6373.5
52091,"UCD","YLD_E5",7127.58
52091,"UCD","YLD_BLUPs",6366.43
52092,"UCD","YLD_E1",3995.51
52092,"UCD","YLD_E2",5333.6
52092,"UCD","YLD_E4",6400.47
52092,"UCD","YLD_E5",6559.07
52092,"UCD","YLD_BLUPs",5926.45
52093,"MSU","YLD_E1",4584.92
52093,"MSU","YLD_E2",5068.09
52093,"MSU","YLD_E4",5176.8
52093,"MSU","YLD_E5",6345.07
52093,"MSU","YLD_BLUPs",5194.87
52094,"MSU","YLD_E1",5027.36
52094,"MSU","YLD_E2",5173.01
52094,"MSU","YLD_E4",5494.01
52094,"MSU","YLD_E5",6146.51
52094,"MSU","YLD_BLUPs",5313.76
52095,"MSU","YLD_E1",4408.81
52095,"MSU","YLD_E2",5076.65
52095,"MSU","YLD_E4",5897.35
52095,"MSU","YLD_E5",6515.23
52095,"MSU","YLD_BLUPs",5584.65
52096,"MSU","YLD_E1",5036.61
52096,"MSU","YLD_E2",5331.46
52096,"MSU","YLD_E4",5913.73
52096,"MSU","YLD_E5",6572.9
52096,"MSU","YLD_BLUPs",5817.01
52097,"MSU","YLD_E1",5490.11
52097,"MSU","YLD_E2",5641.93
52097,"MSU","YLD_E4",5881.53
52097,"MSU","YLD_E5",6784.51
52097,"MSU","YLD_BLUPs",6130.11
52098,"MSU","YLD_E1",5121.27
52098,"MSU","YLD_E2",5255.44
52098,"MSU","YLD_E4",5828.96
52098,"MSU","YLD_E5",6529.43
52098,"MSU","YLD_BLUPs",5722.78
52099,"MSU","YLD_E1",5148.71
52099,"MSU","YLD_E2",4850.76
52099,"MSU","YLD_E4",5855.79
52099,"MSU","YLD_E5",6537.9
52099,"MSU","YLD_BLUPs",5520.81
52100,"MSU","YLD_E1",5518.76
52100,"MSU","YLD_E2",4982.44
52100,"MSU","YLD_E4",5966.44
52100,"MSU","YLD_E5",6513.46
52100,"MSU","YLD_BLUPs",5657.83
52101,"MSU","YLD_E1",4998.09
52101,"MSU","YLD_E2",5181.57
52101,"MSU","YLD_E4",5639.05
52101,"MSU","YLD_E5",6285.86
52101,"MSU","YLD_BLUPs",5455.21
52102,"MSU","YLD_E1",5853.78
52102,"MSU","YLD_E2",5295.06
52102,"MSU","YLD_E4",5916.76
52102,"MSU","YLD_E5",6410.35
52102,"MSU","YLD_BLUPs",5778.41
52103,"MSU","YLD_E1",5110.3
52103,"MSU","YLD_E2",5121.62
52103,"MSU","YLD_E4",5802.67
52103,"MSU","YLD_E5",6837.42
52103,"MSU","YLD_BLUPs",5809.95
52104,"MSU","YLD_E1",4677.73
52104,"MSU","YLD_E2",5628.01
52104,"MSU","YLD_E4",6193.77
52104,"MSU","YLD_E5",6503.08
52104,"MSU","YLD_BLUPs",6027.08
52105,"MSU","YLD_E1",4098.62
52105,"MSU","YLD_E2",5092.71
52105,"MSU","YLD_E4",5716.8
52105,"MSU","YLD_E5",6527.9
52105,"MSU","YLD_BLUPs",5497.08
52106,"MSU","YLD_E1",5586.58
52106,"MSU","YLD_E2",5330.38
52106,"MSU","YLD_E4",5824.55
52106,"MSU","YLD_E5",6809.43
52106,"MSU","YLD_BLUPs",5958.57
52107,"MSU","YLD_E1",4653.61
52107,"MSU","YLD_E2",5440.66
52107,"MSU","YLD_E4",5810.66
52107,"MSU","YLD_E5",6592.98
52107,"MSU","YLD_BLUPs",5810.83
52108,"MSU","YLD_E1",4973.8
52108,"MSU","YLD_E2",5499.54
52108,"MSU","YLD_E4",5654.46
52108,"MSU","YLD_E5",6859.66
52108,"MSU","YLD_BLUPs",5953.56
52109,"MSU","YLD_E1",5854.9
52109,"MSU","YLD_E2",5533.8
52109,"MSU","YLD_E4",5569.83
52109,"MSU","YLD_E5",6459.49
52109,"MSU","YLD_BLUPs",5789.08
52110,"MSU","YLD_E1",5026.62
52110,"MSU","YLD_E2",5079.87
52110,"MSU","YLD_E4",5907.67
52110,"MSU","YLD_E5",6581.83
52110,"MSU","YLD_BLUPs",5681.56
52111,"MSU","YLD_E1",5726.3
52111,"MSU","YLD_E2",5589.47
52111,"MSU","YLD_E4",6010.88
52111,"MSU","YLD_E5",6624.68
52111,"MSU","YLD_BLUPs",6087.43
52112,"MSU","YLD_E1",4337.26
52112,"MSU","YLD_E2",5174.08
52112,"MSU","YLD_E4",5407.31
52112,"MSU","YLD_E5",6421.93
52112,"MSU","YLD_BLUPs",5371.72
52113,"MSU","YLD_E1",6179.72
52113,"MSU","YLD_E2",5485.62
52113,"MSU","YLD_E4",5476.67
52113,"MSU","YLD_E5",6183.12
52113,"MSU","YLD_BLUPs",5597.02
52114,"MSU","YLD_E1",4234.53
52114,"MSU","YLD_E2",5201.91
52114,"MSU","YLD_E4",5844.23
52114,"MSU","YLD_E5",6188.21
52114,"MSU","YLD_BLUPs",5432.42
52115,"MSU","YLD_E1",4667.77
52115,"MSU","YLD_E2",5023.12
52115,"MSU","YLD_E4",5935.47
52115,"MSU","YLD_E5",6472.71
52115,"MSU","YLD_BLUPs",5570.37
52116,"MSU","YLD_E1",5262.36
52116,"MSU","YLD_E2",5503.82
52116,"MSU","YLD_E4",5927.9
52116,"MSU","YLD_E5",6311.78
52116,"MSU","YLD_BLUPs",5790.53
52117,"MSU","YLD_E1",5060.87
52117,"MSU","YLD_E2",5544.5
52117,"MSU","YLD_E4",5883.18
52117,"MSU","YLD_E5",6585.21
52117,"MSU","YLD_BLUPs",5929.07
52118,"CIMMYT","YLD_E1",5344.2
52118,"CIMMYT","YLD_E2",5511.32
52118,"CIMMYT","YLD_E4",6203.96
52118,"CIMMYT","YLD_E5",6879.44
52118,"CIMMYT","YLD_BLUPs",6236
52119,"CIMMYT","YLD_E1",5379.06
52119,"CIMMYT","YLD_E2",5595.89
52119,"CIMMYT","YLD_E4",6446.43
52119,"CIMMYT","YLD_E5",7010.09
52119,"CIMMYT","YLD_BLUPs",6460.83
52120,"CIMMYT","YLD_E1",6050.45
52120,"CIMMYT","YLD_E2",5622.66
52120,"CIMMYT","YLD_E4",5945.24
52120,"CIMMYT","YLD_E5",6245.51
52120,"CIMMYT","YLD_BLUPs",5893.91
52121,"CIMMYT","YLD_E1",6183.76
52121,"CIMMYT","YLD_E2",5242.6
52121,"CIMMYT","YLD_E4",6010.47
52121,"CIMMYT","YLD_E5",6821.68
52121,"CIMMYT","YLD_BLUPs",6048.13
52122,"CIMMYT","YLD_E1",5646
52122,"CIMMYT","YLD_E2",5340.02
52122,"CIMMYT","YLD_E4",5883.45
52122,"CIMMYT","YLD_E5",6502.34
52122,"CIMMYT","YLD_BLUPs",5822.2
52123,"CIMMYT","YLD_E1",6174.42
52123,"CIMMYT","YLD_E2",5983.45
52123,"CIMMYT","YLD_E4",5778.59
52123,"CIMMYT","YLD_E5",6569.14
52123,"CIMMYT","YLD_BLUPs",6211.39
52124,"CIMMYT","YLD_E1",6076
52124,"CIMMYT","YLD_E2",5622.66
52124,"CIMMYT","YLD_E4",5572.86
52124,"CIMMYT","YLD_E5",6514.06
52124,"CIMMYT","YLD_BLUPs",5888.43
52125,"CIMMYT","YLD_E1",5859.83
52125,"CIMMYT","YLD_E2",5896.73
52125,"CIMMYT","YLD_E4",5720.11
52125,"CIMMYT","YLD_E5",6543.25
52125,"CIMMYT","YLD_BLUPs",6097.64
52126,"CIMMYT","YLD_E1",5943.63
52126,"CIMMYT","YLD_E2",6129.05
52126,"CIMMYT","YLD_E4",5748.87
52126,"CIMMYT","YLD_E5",6296.71
52126,"CIMMYT","YLD_BLUPs",6105.8
52127,"CIMMYT","YLD_E1",5875.84
52127,"CIMMYT","YLD_E2",5659.06
52127,"CIMMYT","YLD_E4",5809.69
52127,"CIMMYT","YLD_E5",6382.36
52127,"CIMMYT","YLD_BLUPs",5917.64
52128,"CIMMYT","YLD_E1",6217.3
52128,"CIMMYT","YLD_E2",5952.4
52128,"CIMMYT","YLD_E4",6078.59
52128,"CIMMYT","YLD_E5",6527.58
52128,"CIMMYT","YLD_BLUPs",6302.06
52129,"CIMMYT","YLD_E1",5410.5
52129,"CIMMYT","YLD_E2",5742.56
52129,"CIMMYT","YLD_E4",6746.98
52129,"CIMMYT","YLD_E5",6390.36
52129,"CIMMYT","YLD_BLUPs",6324.33
52130,"CIMMYT","YLD_E1",6155.21
52130,"CIMMYT","YLD_E2",5520.95
52130,"CIMMYT","YLD_E4",5784.37
52130,"CIMMYT","YLD_E5",6867.39
52130,"CIMMYT","YLD_BLUPs",6127.08
52131,"CIMMYT","YLD_E1",6252.59
52131,"CIMMYT","YLD_E2",5638.72
52131,"CIMMYT","YLD_E4",5932.99
52131,"CIMMYT","YLD_E5",6767.26
52131,"CIMMYT","YLD_BLUPs",6206.61
52132,"CIMMYT","YLD_E1",5684.81
52132,"CIMMYT","YLD_E2",5626.94
52132,"CIMMYT","YLD_E4",5943.87
52132,"CIMMYT","YLD_E5",6661.34
52132,"CIMMYT","YLD_BLUPs",6096.35
52133,"CIMMYT","YLD_E1",5604.53
52133,"CIMMYT","YLD_E2",5470.63
52133,"CIMMYT","YLD_E4",6196.8
52133,"CIMMYT","YLD_E5",6059.43
52133,"CIMMYT","YLD_BLUPs",5774.97
52134,"CIMMYT","YLD_E1",5969.26
52134,"CIMMYT","YLD_E2",5371.07
52134,"CIMMYT","YLD_E4",6258.73
52134,"CIMMYT","YLD_E5",5629.46
52134,"CIMMYT","YLD_BLUPs",5538.24
52135,"CIMMYT","YLD_E1",5112
52135,"CIMMYT","YLD_E2",5851.76
52135,"CIMMYT","YLD_E4",6131.57
52135,"CIMMYT","YLD_E5",6314.62
52135,"CIMMYT","YLD_BLUPs",6054.84
52136,"CIMMYT","YLD_E1",4977.35
52136,"CIMMYT","YLD_E2",5561.63
52136,"CIMMYT","YLD_E4",5906.02
52136,"CIMMYT","YLD_E5",6838.11
52136,"CIMMYT","YLD_BLUPs",6082.18
52137,"CIMMYT","YLD_E1",5499.78
52137,"CIMMYT","YLD_E2",5346.44
52137,"CIMMYT","YLD_E4",5671.25
52137,"CIMMYT","YLD_E5",6106.14
52137,"CIMMYT","YLD_BLUPs",5501.68
52138,"CIMMYT","YLD_E1",5149.55
52138,"CIMMYT","YLD_E2",5577.69
52138,"CIMMYT","YLD_E4",5950.06
52138,"CIMMYT","YLD_E5",6422.57
52138,"CIMMYT","YLD_BLUPs",5892.28
52139,"CIMMYT","YLD_E1",5604.14
52139,"CIMMYT","YLD_E2",5252.23
52139,"CIMMYT","YLD_E4",6124.69
52139,"CIMMYT","YLD_E5",6813.92
52139,"CIMMYT","YLD_BLUPs",6047.14
52140,"CIMMYT","YLD_E1",5582.58
52140,"CIMMYT","YLD_E2",5760.76
52140,"CIMMYT","YLD_E4",6241.39
52140,"CIMMYT","YLD_E5",6633.15
52140,"CIMMYT","YLD_BLUPs",6270.69
52141,"CIMMYT","YLD_E1",5598.73
52141,"CIMMYT","YLD_E2",5600.17
52141,"CIMMYT","YLD_E4",6499.14
52141,"CIMMYT","YLD_E5",6298.99
52141,"CIMMYT","YLD_BLUPs",6107.02
52142,"CIMMYT","YLD_E1",4560.56
52142,"CIMMYT","YLD_E2",5617.3
52142,"CIMMYT","YLD_E4",6137.08
52142,"CIMMYT","YLD_E5",6436.97
52142,"CIMMYT","YLD_BLUPs",5950.06
52143,"Other","YLD_E1",3398.63
52143,"Other","YLD_E2",5366.79
52143,"Other","YLD_E4",5501.85
52143,"Other","YLD_E5",6092.4
52143,"Other","YLD_BLUPs",5251.14
52144,"Other","YLD_E1",4296.97
52144,"Other","YLD_E2",5689.03
52144,"Other","YLD_E4",6089.88
52144,"Other","YLD_E5",6507.76
52144,"Other","YLD_BLUPs",5985.8
52145,"USDA","YLD_E1",3595.01
52145,"USDA","YLD_E2",5668.69
52145,"USDA","YLD_E4",6087.12
52145,"USDA","YLD_E5",6003.65
52145,"USDA","YLD_BLUPs",5630.95
52146,"USDA","YLD_E1",6721.53
52146,"USDA","YLD_E2",5352.87
52146,"USDA","YLD_E4",6273.31
52146,"USDA","YLD_E5",6922.01
52146,"USDA","YLD_BLUPs",6322.29
52147,"USDA","YLD_E1",5539.46
52147,"USDA","YLD_E2",5682.61
52147,"USDA","YLD_E4",6179.87
52147,"USDA","YLD_E5",6613.74
52147,"USDA","YLD_BLUPs",6187.43
52148,"USDA","YLD_E1",6244.6
52148,"USDA","YLD_E2",5787.53
52148,"USDA","YLD_E4",5908.91
52148,"USDA","YLD_E5",6608.88
52148,"USDA","YLD_BLUPs",6188.19
52149,"USDA","YLD_E1",5995.59
52149,"USDA","YLD_E2",5587.33
52149,"USDA","YLD_E4",6117.67
52149,"USDA","YLD_E5",7067.07
52149,"USDA","YLD_BLUPs",6402.11
52150,"USDA","YLD_E1",5376.54
52150,"USDA","YLD_E2",5312.18
52150,"USDA","YLD_E4",5504.6
52150,"USDA","YLD_E5",6237.21
52150,"USDA","YLD_BLUPs",5474.98
52151,"USDA","YLD_E1",6624.45
52151,"USDA","YLD_E2",5689.03
52151,"USDA","YLD_E4",6072.54
52151,"USDA","YLD_E5",6591.8
52151,"USDA","YLD_BLUPs",6227.25
52152,"USDA","YLD_E1",5991.4
52152,"USDA","YLD_E2",5108.77
52152,"USDA","YLD_E4",5788.09
52152,"USDA","YLD_E5",6027.73
52152,"USDA","YLD_BLUPs",5420.58
52153,"USDA","YLD_E1",6655
52153,"USDA","YLD_E2",5625.87
52153,"USDA","YLD_E4",5646.34
52153,"USDA","YLD_E5",6450.83
52153,"USDA","YLD_BLUPs",5936.18
52154,"USDA","YLD_E1",6138.1
52154,"USDA","YLD_E2",5672.98
52154,"USDA","YLD_E4",5800.2
52154,"USDA","YLD_E5",6380.77
52154,"USDA","YLD_BLUPs",5943.01
52155,"USDA","YLD_E1",5729.94
52155,"USDA","YLD_E2",5966.32
52155,"USDA","YLD_E4",6301.53
52155,"USDA","YLD_E5",6626.46
52155,"USDA","YLD_BLUPs",6417.16
52156,"USDA","YLD_E1",5087.73
52156,"USDA","YLD_E2",5932.06
52156,"USDA","YLD_E4",6061.53
52156,"USDA","YLD_E5",6207.65
52156,"USDA","YLD_BLUPs",6006.97
52157,"USDA","YLD_E1",6537
52157,"USDA","YLD_E2",6058.39
52157,"USDA","YLD_E4",6213.59
52157,"USDA","YLD_E5",6913.7
52157,"USDA","YLD_BLUPs",6660.53
52158,"USDA","YLD_E1",6005.4
52158,"USDA","YLD_E2",6004.86
52158,"USDA","YLD_E4",6142.44
52158,"USDA","YLD_E5",6709.12
52158,"USDA","YLD_BLUPs",6440.83
52159,"USDA","YLD_E1",6135.09
52159,"USDA","YLD_E2",5806.8
52159,"USDA","YLD_E4",5952.54
52159,"USDA","YLD_E5",6510.99
52159,"USDA","YLD_BLUPs",6153.03
52160,"USDA","YLD_E1",5737.62
52160,"USDA","YLD_E2",5333.6
52160,"USDA","YLD_E4",6189.37
52160,"USDA","YLD_E5",5964.46
52160,"USDA","YLD_BLUPs",5655.61
52161,"USDA","YLD_E1",6268.79
52161,"USDA","YLD_E2",5292.91
52161,"USDA","YLD_E4",5928.73
52161,"USDA","YLD_E5",6366.89
52161,"USDA","YLD_BLUPs",5794.03
52162,"USDA","YLD_E1",6498.27
52162,"USDA","YLD_E2",5819.65
52162,"USDA","YLD_E4",5656.39
52162,"USDA","YLD_E5",6524.16
52162,"USDA","YLD_BLUPs",6073.38
52163,"Other","YLD_E1",6011.76
52163,"Other","YLD_E2",5842.13
52163,"Other","YLD_E4",5663.55
52163,"Other","YLD_E5",6221.21
52163,"Other","YLD_BLUPs",5877.06
52164,"Other","YLD_E1",6068.08
52164,"Other","YLD_E2",5646.21
52164,"Other","YLD_E4",5759.33
52164,"Other","YLD_E5",6519.6
52164,"Other","YLD_BLUPs",5982.66
52165,"Other","YLD_E1",6143.81
52165,"Other","YLD_E2",5752.2
52165,"Other","YLD_E4",6204.92
52165,"Other","YLD_E5",6436.2
52165,"Other","YLD_BLUPs",6189.12
52166,"Other","YLD_E1",6079.54
52166,"Other","YLD_E2",6023.06
52166,"Other","YLD_E4",6033.04
52166,"Other","YLD_E5",6421.5
52166,"Other","YLD_BLUPs",6250.05
52167,"Other","YLD_E1",4809.61
52167,"Other","YLD_E2",5395.69
52167,"Other","YLD_E4",6347.9
52167,"Other","YLD_E5",6617.94
52167,"Other","YLD_BLUPs",6041.49
52168,"UI","YLD_E1",6302.24
52168,"UI","YLD_E2",5449.22
52168,"UI","YLD_E4",5702.35
52168,"UI","YLD_E5",6231.36
52168,"UI","YLD_BLUPs",5710.42
52169,"Other","YLD_E1",6183.52
52169,"Other","YLD_E2",5449.22
52169,"Other","YLD_E4",6169.55
52169,"Other","YLD_E5",6671.28
52169,"Other","YLD_BLUPs",6143.99
52170,"Other","YLD_E1",7786.42
52170,"Other","YLD_E2",5887.09
52170,"Other","YLD_E4",6312.12
52170,"Other","YLD_E5",6669.61
52170,"Other","YLD_BLUPs",6580.94
52171,"UI","YLD_E1",NA
52171,"UI","YLD_E2",NA
52171,"UI","YLD_E4",6258.04
52171,"UI","YLD_E5",6899.34
52171,"UI","YLD_BLUPs",6421.16
52172,"UI","YLD_E1",NA
52172,"UI","YLD_E2",NA
52172,"UI","YLD_E4",6102.12
52172,"UI","YLD_E5",6824.38
52172,"UI","YLD_BLUPs",6275.29
52173,"UI","YLD_E1",NA
52173,"UI","YLD_E2",NA
52173,"UI","YLD_E4",6135.98
52173,"UI","YLD_E5",7126.67
52173,"UI","YLD_BLUPs",6523.05
52174,"UI","YLD_E1",NA
52174,"UI","YLD_E2",NA
52174,"UI","YLD_E4",6121.8
52174,"UI","YLD_E5",6683.36
52174,"UI","YLD_BLUPs",6180.02
52175,"UI","YLD_E1",NA
52175,"UI","YLD_E2",NA
52175,"UI","YLD_E4",6255.56
52175,"UI","YLD_E5",6449.37
52175,"UI","YLD_BLUPs",6079.86
52176,"UI","YLD_E1",NA
52176,"UI","YLD_E2",NA
52176,"UI","YLD_E4",6215.52
52176,"UI","YLD_E5",6680.8
52176,"UI","YLD_BLUPs",6231.72
52177,"UI","YLD_E1",NA
52177,"UI","YLD_E2",NA
52177,"UI","YLD_E4",6314.46
52177,"UI","YLD_E5",6708.64
52177,"UI","YLD_BLUPs",6309.42
52178,"UI","YLD_E1",NA
52178,"UI","YLD_E2",NA
52178,"UI","YLD_E4",6427.3
52178,"UI","YLD_E5",6672.1
52178,"UI","YLD_BLUPs",6346.45
52179,"UI","YLD_E1",NA
52179,"UI","YLD_E2",NA
52179,"UI","YLD_E4",6306.07
52179,"UI","YLD_E5",6709.49
52179,"UI","YLD_BLUPs",6305.24
52180,"UI","YLD_E1",NA
52180,"UI","YLD_E2",NA
52180,"UI","YLD_E4",6190.61
52180,"UI","YLD_E5",7192.46
52180,"UI","YLD_BLUPs",6604.06
52181,"UI","YLD_E1",NA
52181,"UI","YLD_E2",NA
52181,"UI","YLD_E4",6054.37
52181,"UI","YLD_E5",6441.34
52181,"UI","YLD_BLUPs",5958.58
52182,"UI","YLD_E1",NA
52182,"UI","YLD_E2",NA
52182,"UI","YLD_E4",6085.06
52182,"UI","YLD_E5",6946.31
52182,"UI","YLD_BLUPs",6357.64
52183,"UI","YLD_E1",NA
52183,"UI","YLD_E2",NA
52183,"UI","YLD_E4",5929.97
52183,"UI","YLD_E5",6837.05
52183,"UI","YLD_BLUPs",6186.25
52184,"UI","YLD_E1",NA
52184,"UI","YLD_E2",NA
52184,"UI","YLD_E4",5632.72
52184,"UI","YLD_E5",6713.23
52184,"UI","YLD_BLUPs",5922.57
52185,"UI","YLD_E1",NA
52185,"UI","YLD_E2",NA
52185,"UI","YLD_E4",5307.95
52185,"UI","YLD_E5",5903.44
52185,"UI","YLD_BLUPs",5124.69
52186,"UI","YLD_E1",NA
52186,"UI","YLD_E2",NA
52186,"UI","YLD_E4",6236.98
52186,"UI","YLD_E5",6145.14
52186,"UI","YLD_BLUPs",5839.35
52187,"UI","YLD_E1",NA
52187,"UI","YLD_E2",NA
52187,"UI","YLD_E4",6024.65
52187,"UI","YLD_E5",6427.49
52187,"UI","YLD_BLUPs",5931
52188,"UI","YLD_E1",NA
52188,"UI","YLD_E2",NA
52188,"UI","YLD_E4",6303.87
52188,"UI","YLD_E5",6863.98
52188,"UI","YLD_BLUPs",6420.77
52189,"UI","YLD_E1",NA
52189,"UI","YLD_E2",NA
52189,"UI","YLD_E4",5974.97
52189,"UI","YLD_E5",6816.45
52189,"UI","YLD_BLUPs",6196.49
52190,"UI","YLD_E1",NA
52190,"UI","YLD_E2",NA
52190,"UI","YLD_E4",5629.01
52190,"UI","YLD_E5",7046.5
52190,"UI","YLD_BLUPs",6172.14
52191,"UI","YLD_E1",NA
52191,"UI","YLD_E2",NA
52191,"UI","YLD_E4",5661.89
52191,"UI","YLD_E5",5882.66
52191,"UI","YLD_BLUPs",5311.69
52192,"UI","YLD_E1",NA
52192,"UI","YLD_E2",NA
52192,"UI","YLD_E4",6103.36
52192,"UI","YLD_E5",7034.06
52192,"UI","YLD_BLUPs",6434.4
52193,"UI","YLD_E1",NA
52193,"UI","YLD_E2",NA
52193,"UI","YLD_E4",6004.97
52193,"UI","YLD_E5",6869.2
52193,"UI","YLD_BLUPs",6253.54
52194,"UI","YLD_E1",NA
52194,"UI","YLD_E2",NA
52194,"UI","YLD_E4",5929.69
52194,"UI","YLD_E5",6996.24
52194,"UI","YLD_BLUPs",6306.34
52195,"UI","YLD_E1",NA
52195,"UI","YLD_E2",NA
52195,"UI","YLD_E4",6312.67
52195,"UI","YLD_E5",6913.44
52195,"UI","YLD_BLUPs",6463.16
52196,"UI","YLD_E1",NA
52196,"UI","YLD_E2",NA
52196,"UI","YLD_E4",6218.96
52196,"UI","YLD_E5",6826.76
52196,"UI","YLD_BLUPs",6344.01
52197,"UI","YLD_E1",NA
52197,"UI","YLD_E2",NA
52197,"UI","YLD_E4",6229
52197,"UI","YLD_E5",6675.17
52197,"UI","YLD_BLUPs",6235.18
52198,"UI","YLD_E1",NA
52198,"UI","YLD_E2",NA
52198,"UI","YLD_E4",6363.86
52198,"UI","YLD_E5",6541.12
52198,"UI","YLD_BLUPs",6211.15
52199,"UI","YLD_E1",NA
52199,"UI","YLD_E2",NA
52199,"UI","YLD_E4",5924.33
52199,"UI","YLD_E5",6650.27
52199,"UI","YLD_BLUPs",6041.96
52200,"UI","YLD_E1",NA
52200,"UI","YLD_E2",NA
52200,"UI","YLD_E4",6091.66
52200,"UI","YLD_E5",7113.74
52200,"UI","YLD_BLUPs",6487.91
52201,"UI","YLD_E1",NA
52201,"UI","YLD_E2",NA
52201,"UI","YLD_E4",6343.09
52201,"UI","YLD_E5",6870.68
52201,"UI","YLD_BLUPs",6448.19
52202,"UI","YLD_E1",NA
52202,"UI","YLD_E2",NA
52202,"UI","YLD_E4",6073.36
52202,"UI","YLD_E5",6543.67
52202,"UI","YLD_BLUPs",6046.69
52203,"UI","YLD_E1",NA
52203,"UI","YLD_E2",NA
52203,"UI","YLD_E4",6366.48
52203,"UI","YLD_E5",6583.81
52203,"UI","YLD_BLUPs",6244.88
52204,"UI","YLD_E1",NA
52204,"UI","YLD_E2",NA
52204,"UI","YLD_E4",6280.61
52204,"UI","YLD_E5",6775.62
52204,"UI","YLD_BLUPs",6340.62
52205,"UI","YLD_E1",NA
52205,"UI","YLD_E2",NA
52205,"UI","YLD_E4",6011.3
52205,"UI","YLD_E5",6809.22
52205,"UI","YLD_BLUPs",6211.86
52206,"UI","YLD_E1",NA
52206,"UI","YLD_E2",NA
52206,"UI","YLD_E4",5997.67
52206,"UI","YLD_E5",6482.08
52206,"UI","YLD_BLUPs",5956.85
52207,"UI","YLD_E1",NA
52207,"UI","YLD_E2",NA
52207,"UI","YLD_E4",6239.32
52207,"UI","YLD_E5",6458.99
52207,"UI","YLD_BLUPs",6077.81
52208,"UI","YLD_E1",NA
52208,"UI","YLD_E2",NA
52208,"UI","YLD_E4",6225.01
52208,"UI","YLD_E5",6886.15
52208,"UI","YLD_BLUPs",6392.32
52209,"UI","YLD_E1",NA
52209,"UI","YLD_E2",NA
52209,"UI","YLD_E4",6142.12
52209,"UI","YLD_E5",6782.5
52209,"UI","YLD_BLUPs",6275.23
52210,"UI","YLD_E1",NA
52210,"UI","YLD_E2",NA
52210,"UI","YLD_E4",6129.51
52210,"UI","YLD_E5",6541.86
52210,"UI","YLD_BLUPs",6077.58
52211,"UI","YLD_E1",NA
52211,"UI","YLD_E2",NA
52211,"UI","YLD_E4",6331.8
52211,"UI","YLD_E5",7067.5
52211,"UI","YLD_BLUPs",6590.51
52212,"UI","YLD_E1",NA
52212,"UI","YLD_E2",NA
52212,"UI","YLD_E4",5683.23
52212,"UI","YLD_E5",6333.86
52212,"UI","YLD_BLUPs",5664.81
52213,"UI","YLD_E1",NA
52213,"UI","YLD_E2",NA
52213,"UI","YLD_E4",5964.92
52213,"UI","YLD_E5",6920.98
52213,"UI","YLD_BLUPs",6269.7
52214,"UI","YLD_E1",NA
52214,"UI","YLD_E2",NA
52214,"UI","YLD_E4",5853.73
52214,"UI","YLD_E5",6683.22
52214,"UI","YLD_BLUPs",6026.35
52215,"UI","YLD_E1",NA
52215,"UI","YLD_E2",NA
52215,"UI","YLD_E4",5435.38
52215,"UI","YLD_E5",6569.7
52215,"UI","YLD_BLUPs",5701.13
52216,"UI","YLD_E1",NA
52216,"UI","YLD_E2",NA
52216,"UI","YLD_E4",5849.88
52216,"UI","YLD_E5",6845.01
52216,"UI","YLD_BLUPs",6146.45
52217,"UI","YLD_E1",NA
52217,"UI","YLD_E2",NA
52217,"UI","YLD_E4",5969.46
52217,"UI","YLD_E5",6823.79
52217,"UI","YLD_BLUPs",6198.86
52218,"UI","YLD_E1",NA
52218,"UI","YLD_E2",NA
52218,"UI","YLD_E4",6025.06
52218,"UI","YLD_E5",6805.16
52218,"UI","YLD_BLUPs",6216.59
52219,"UI","YLD_E1",NA
52219,"UI","YLD_E2",NA
52219,"UI","YLD_E4",6060.43
52219,"UI","YLD_E5",6849.47
52219,"UI","YLD_BLUPs",6270.33
52220,"UI","YLD_E1",NA
52220,"UI","YLD_E2",NA
52220,"UI","YLD_E4",5890.61
52220,"UI","YLD_E5",6601.91
52220,"UI","YLD_BLUPs",5986.09
52221,"UI","YLD_E1",NA
52221,"UI","YLD_E2",NA
52221,"UI","YLD_E4",6057.4
52221,"UI","YLD_E5",6448.35
52221,"UI","YLD_BLUPs",5965.6
52222,"UI","YLD_E1",NA
52222,"UI","YLD_E2",NA
52222,"UI","YLD_E4",6441.75
52222,"UI","YLD_E5",7085.93
52222,"UI","YLD_BLUPs",6667.34
52223,"UI","YLD_E1",NA
52223,"UI","YLD_E2",NA
52223,"UI","YLD_E4",5882.22
52223,"UI","YLD_E5",6955.47
52223,"UI","YLD_BLUPs",6248.34
52224,"UI","YLD_E1",NA
52224,"UI","YLD_E2",NA
52224,"UI","YLD_E4",5990.1
52224,"UI","YLD_E5",6253.95
52224,"UI","YLD_BLUPs",5780.17
52225,"UI","YLD_E1",NA
52225,"UI","YLD_E2",NA
52225,"UI","YLD_E4",5890.2
52225,"UI","YLD_E5",6153.11
52225,"UI","YLD_BLUPs",5646.84
52226,"UI","YLD_E1",NA
52226,"UI","YLD_E2",NA
52226,"UI","YLD_E4",5952.12
52226,"UI","YLD_E5",6498.6
52226,"UI","YLD_BLUPs",5943.3
52227,"UI","YLD_E1",NA
52227,"UI","YLD_E2",NA
52227,"UI","YLD_E4",6125.1
52227,"UI","YLD_E5",6630.67
52227,"UI","YLD_BLUPs",6142.12
52228,"UI","YLD_E1",NA
52228,"UI","YLD_E2",NA
52228,"UI","YLD_E4",5976.07
52228,"UI","YLD_E5",6745.64
52228,"UI","YLD_BLUPs",6143.61
52229,"UI","YLD_E1",NA
52229,"UI","YLD_E2",NA
52229,"UI","YLD_E4",6387.12
52229,"UI","YLD_E5",6566.67
52229,"UI","YLD_BLUPs",6243.85
52230,"UI","YLD_E1",NA
52230,"UI","YLD_E2",NA
52230,"UI","YLD_E4",6254.46
52230,"UI","YLD_E5",5501.74
52230,"UI","YLD_BLUPs",6160.42
52231,"UI","YLD_E1",NA
52231,"UI","YLD_E2",NA
52231,"UI","YLD_E4",6121.11
52231,"UI","YLD_E5",6900.22
52231,"UI","YLD_BLUPs",6343.46
52232,"UI","YLD_E1",NA
52232,"UI","YLD_E2",NA
52232,"UI","YLD_E4",6067.99
52232,"UI","YLD_E5",6904.35
52232,"UI","YLD_BLUPs",6316.11
52233,"UI","YLD_E1",NA
52233,"UI","YLD_E2",NA
52233,"UI","YLD_E4",6173.41
52233,"UI","YLD_E5",6439.16
52233,"UI","YLD_BLUPs",6025.09
52234,"UI","YLD_E1",NA
52234,"UI","YLD_E2",NA
52234,"UI","YLD_E4",6363.18
52234,"UI","YLD_E5",6751.96
52234,"UI","YLD_BLUPs",6370.02
52235,"UI","YLD_E1",NA
52235,"UI","YLD_E2",NA
52235,"UI","YLD_E4",6128.68
52235,"UI","YLD_E5",6883.41
52235,"UI","YLD_BLUPs",6335.11
52236,"UI","YLD_E1",NA
52236,"UI","YLD_E2",NA
52236,"UI","YLD_E4",5875.61
52236,"UI","YLD_E5",6476.33
52236,"UI","YLD_BLUPs",5882.62
52237,"UI","YLD_E1",NA
52237,"UI","YLD_E2",NA
52237,"UI","YLD_E4",5747.9
52237,"UI","YLD_E5",6419.36
52237,"UI","YLD_BLUPs",5766.46
52238,"UI","YLD_E1",NA
52238,"UI","YLD_E2",NA
52238,"UI","YLD_E4",6401.16
52238,"UI","YLD_E5",6925.35
52238,"UI","YLD_BLUPs",6522.82
52239,"UI","YLD_E1",NA
52239,"UI","YLD_E2",NA
52239,"UI","YLD_E4",6176.57
52239,"UI","YLD_E5",6561.02
52239,"UI","YLD_BLUPs",6118.95
52240,"UI","YLD_E1",NA
52240,"UI","YLD_E2",NA
52240,"UI","YLD_E4",5878.22
52240,"UI","YLD_E5",6632.06
52240,"UI","YLD_BLUPs",6001.77
52241,"UI","YLD_E1",NA
52241,"UI","YLD_E2",NA
52241,"UI","YLD_E4",6250.88
52241,"UI","YLD_E5",6673.88
52241,"UI","YLD_BLUPs",6246.77
52242,"UI","YLD_E1",NA
52242,"UI","YLD_E2",NA
52242,"UI","YLD_E4",6167.76
52242,"UI","YLD_E5",6587.55
52242,"UI","YLD_BLUPs",6133.92
52243,"UI","YLD_E1",NA
52243,"UI","YLD_E2",NA
52243,"UI","YLD_E4",6333.31
52243,"UI","YLD_E5",7138.02
52243,"UI","YLD_BLUPs",6644.65
52244,"UI","YLD_E1",NA
52244,"UI","YLD_E2",NA
52244,"UI","YLD_E4",6013.91
52244,"UI","YLD_E5",6563.98
52244,"UI","YLD_BLUPs",6028.01
52245,"UI","YLD_E1",NA
52245,"UI","YLD_E2",NA
52245,"UI","YLD_E4",6206.85
52245,"UI","YLD_E5",6858.12
52245,"UI","YLD_BLUPs",6360.72
52246,"UI","YLD_E1",NA
52246,"UI","YLD_E2",NA
52246,"UI","YLD_E4",6265.33
52246,"UI","YLD_E5",7195.04
52246,"UI","YLD_BLUPs",6648.82
52247,"UI","YLD_E1",NA
52247,"UI","YLD_E2",NA
52247,"UI","YLD_E4",5937.54
52247,"UI","YLD_E5",6569.17
52247,"UI","YLD_BLUPs",5988.29
52248,"UI","YLD_E1",NA
52248,"UI","YLD_E2",NA
52248,"UI","YLD_E4",6071.99
52248,"UI","YLD_E5",6644.79
52248,"UI","YLD_BLUPs",6122.42
52249,"UI","YLD_E1",NA
52249,"UI","YLD_E2",NA
52249,"UI","YLD_E4",5865.7
52249,"UI","YLD_E5",6889.8
52249,"UI","YLD_BLUPs",6189.32
52250,"UI","YLD_E1",NA
52250,"UI","YLD_E2",NA
52250,"UI","YLD_E4",6031.8
52250,"UI","YLD_E5",6649.69
52250,"UI","YLD_BLUPs",6103.03
NA,"","YLD_E1",NA
NA,"","YLD_E2",NA
NA,"","YLD_E4",NA
NA,"","YLD_E5",NA
NA,"","YLD_BLUPs",NA
