University,Start year,End year,Award amount,PI
Boise State University ,2013,NA,499815,NA
Boise State University ,2014,NA,47041,NA
Boise State University ,2018,NA,139519,NA
Boise State University ,2018,NA,147723,NA
Boise State University ,2018,NA,148251,NA
Boise State University ,2018,NA,149997,NA
Boise State University ,2019,NA,195645,NA
Boise State University ,2019,NA,197142,NA
Boise State University ,2020,NA,478500,NA
Boise State University ,2020,NA,499935,NA
Boise State University ,2021,NA,229934,NA
Boise State University ,2021,NA,298629,NA
Boise State University ,2021,NA,499965,NA
Boise State University ,2022,NA,650000,NA
Boise State University ,2023,NA,119978,NA
Boise State University ,2023,NA,119987,NA
Boise State University ,2023,NA,1000000,NA
Idaho State University,2014,NA,150000,NA
Idaho State University,2018,NA,149993,NA
Montana State University,2013,NA,10881,NA
Montana State University,2013,NA,49174,NA
Montana State University,2013,NA,55649,NA
Montana State University,2013,NA,62000,NA
Montana State University,2013,NA,65000,NA
Montana State University,2013,NA,79000,NA
Montana State University,2013,NA,82000,NA
Montana State University,2013,NA,84000,NA
Montana State University,2013,NA,86000,NA
Montana State University,2013,NA,92179,NA
Montana State University,2013,NA,330000,NA
Montana State University,2013,NA,368526,NA
Montana State University,2013,NA,481588,NA
Montana State University,2013,NA,500000,NA
Montana State University,2013,NA,757266,NA
Montana State University,2013,NA,808414,NA
Montana State University,2013,NA,1671084,NA
Montana State University,2013,NA,2364455,NA
Montana State University,2014,NA,9536,NA
Montana State University,2014,NA,11500,NA
Montana State University,2014,NA,45132,NA
Montana State University,2014,NA,62608,NA
Montana State University,2014,NA,67400,NA
Montana State University,2014,NA,70400,NA
Montana State University,2014,NA,84400,NA
Montana State University,2014,NA,87400,NA
Montana State University,2014,NA,89400,NA
Montana State University,2014,NA,92179,NA
Montana State University,2014,NA,93750,NA
Montana State University,2014,NA,140000,NA
Montana State University,2014,NA,195362,NA
Montana State University,2014,NA,382103,NA
Montana State University,2014,NA,399858,NA
Montana State University,2014,NA,458901,NA
Montana State University,2014,NA,913551,NA
Montana State University,2014,NA,1882525,NA
Montana State University,2014,NA,2712498,NA
Montana State University,2015,NA,157,NA
Montana State University,2015,NA,1216,NA
Montana State University,2015,NA,6467,NA
Montana State University,2015,NA,12887,NA
Montana State University,2015,NA,17363,NA
Montana State University,2015,NA,44183,NA
Montana State University,2015,NA,49721,NA
Montana State University,2015,NA,49835,NA
Montana State University,2015,NA,67400,NA
Montana State University,2015,NA,70400,NA
Montana State University,2015,NA,72600,NA
Montana State University,2015,NA,74816,NA
Montana State University,2015,NA,84400,NA
Montana State University,2015,NA,87400,NA
Montana State University,2015,NA,89400,NA
Montana State University,2015,NA,135000,NA
Montana State University,2015,NA,139750,NA
Montana State University,2015,NA,140000,NA
Montana State University,2015,NA,149514,NA
Montana State University,2015,NA,149827,NA
Montana State University,2015,NA,173575,NA
Montana State University,2015,NA,309506,NA
Montana State University,2015,NA,357680,NA
Montana State University,2015,NA,385100,NA
Montana State University,2015,NA,463930,NA
Montana State University,2015,NA,499990,NA
Montana State University,2015,NA,518666,NA
Montana State University,2015,NA,727633,NA
Montana State University,2015,NA,1513996,NA
Montana State University,2015,NA,2208837,NA
Montana State University,2016,NA,735,NA
Montana State University,2016,NA,2681,NA
Montana State University,2016,NA,12835,NA
Montana State University,2016,NA,17363,NA
Montana State University,2016,NA,40558,NA
Montana State University,2016,NA,49547,NA
Montana State University,2016,NA,67400,NA
Montana State University,2016,NA,70400,NA
Montana State University,2016,NA,72492,NA
Montana State University,2016,NA,74816,NA
Montana State University,2016,NA,84400,NA
Montana State University,2016,NA,87400,NA
Montana State University,2016,NA,89400,NA
Montana State University,2016,NA,140000,NA
Montana State University,2016,NA,140000,NA
Montana State University,2016,NA,158744,NA
Montana State University,2016,NA,171230,NA
Montana State University,2016,NA,309300,NA
Montana State University,2016,NA,325000,NA
Montana State University,2016,NA,355618,NA
Montana State University,2016,NA,362378,NA
Montana State University,2016,NA,521557,NA
Montana State University,2016,NA,730296,NA
Montana State University,2016,NA,1507253,NA
Montana State University,2016,NA,2220951,NA
Montana State University,2017,NA,2741,NA
Montana State University,2017,NA,39018,NA
Montana State University,2017,NA,65278,NA
Montana State University,2017,NA,79000,NA
Montana State University,2017,NA,80000,NA
Montana State University,2017,NA,81000,NA
Montana State University,2017,NA,92179,NA
Montana State University,2017,NA,94378,NA
Montana State University,2017,NA,123000,NA
Montana State University,2017,NA,140000,NA
Montana State University,2017,NA,150000,NA
Montana State University,2017,NA,199997,NA
Montana State University,2017,NA,244618,NA
Montana State University,2017,NA,244905,NA
Montana State University,2017,NA,273000,NA
Montana State University,2017,NA,300000,NA
Montana State University,2017,NA,300000,NA
Montana State University,2017,NA,381792,NA
Montana State University,2017,NA,902647,NA
Montana State University,2017,NA,1849824,NA
Montana State University,2017,NA,2739719,NA
Montana State University,2018,NA,40016,NA
Montana State University,2018,NA,65278,NA
Montana State University,2018,NA,79000,NA
Montana State University,2018,NA,80000,NA
Montana State University,2018,NA,81000,NA
Montana State University,2018,NA,88000,NA
Montana State University,2018,NA,89615,NA
Montana State University,2018,NA,92179,NA
Montana State University,2018,NA,140000,NA
Montana State University,2018,NA,257849,NA
Montana State University,2018,NA,294200,NA
Montana State University,2018,NA,300000,NA
Montana State University,2018,NA,310505,NA
Montana State University,2018,NA,357974,NA
Montana State University,2018,NA,382273,NA
Montana State University,2018,NA,500000,NA
Montana State University,2018,NA,500000,NA
Montana State University,2018,NA,618231,NA
Montana State University,2018,NA,914009,NA
Montana State University,2018,NA,1851341,NA
Montana State University,2018,NA,1999995,NA
Montana State University,2018,NA,2687555,NA
Montana State University,2018,NA,3266237,NA
Montana State University,2018,NA,7895037,NA
Montana State University,2019,NA,17663,NA
Montana State University,2019,NA,38643,NA
Montana State University,2019,NA,65278,NA
Montana State University,2019,NA,79000,NA
Montana State University,2019,NA,80000,NA
Montana State University,2019,NA,81000,NA
Montana State University,2019,NA,88000,NA
Montana State University,2019,NA,92179,NA
Montana State University,2019,NA,160000,NA
Montana State University,2019,NA,194000,NA
Montana State University,2019,NA,249997,NA
Montana State University,2019,NA,300000,NA
Montana State University,2019,NA,385007,NA
Montana State University,2019,NA,467104,NA
Montana State University,2019,NA,496091,NA
Montana State University,2019,NA,978894,NA
Montana State University,2019,NA,1977629,NA
Montana State University,2019,NA,2852661,NA
Montana State University,2019,NA,8326843,NA
Montana State University,2020,NA,0,NA
Montana State University,2020,NA,9693,NA
Montana State University,2020,NA,36274,NA
Montana State University,2020,NA,42384,NA
Montana State University,2020,NA,60933,NA
Montana State University,2020,NA,65278,NA
Montana State University,2020,NA,85616,NA
Montana State University,2020,NA,86616,NA
Montana State University,2020,NA,87616,NA
Montana State University,2020,NA,92179,NA
Montana State University,2020,NA,92179,NA
Montana State University,2020,NA,94298,NA
Montana State University,2020,NA,94616,NA
Montana State University,2020,NA,103221,NA
Montana State University,2020,NA,116506,NA
Montana State University,2020,NA,134974,NA
Montana State University,2020,NA,163796,NA
Montana State University,2020,NA,180034,NA
Montana State University,2020,NA,194000,NA
Montana State University,2020,NA,199985,NA
Montana State University,2020,NA,225621,NA
Montana State University,2020,NA,249991,NA
Montana State University,2020,NA,280000,NA
Montana State University,2020,NA,291000,NA
Montana State University,2020,NA,387571,NA
Montana State University,2020,NA,387571,NA
Montana State University,2020,NA,451000,NA
Montana State University,2020,NA,455000,NA
Montana State University,2020,NA,500000,NA
Montana State University,2020,NA,500000,NA
Montana State University,2020,NA,748330,NA
Montana State University,2020,NA,943961,NA
Montana State University,2020,NA,956916,NA
Montana State University,2020,NA,1962569,NA
Montana State University,2020,NA,1970099,NA
Montana State University,2020,NA,2777795,NA
Montana State University,2020,NA,2834450,NA
Montana State University,2020,NA,8365300,NA
Montana State University,2021,NA,17243,NA
Montana State University,2021,NA,33202,NA
Montana State University,2021,NA,36304,NA
Montana State University,2021,NA,60933,NA
Montana State University,2021,NA,85616,NA
Montana State University,2021,NA,86616,NA
Montana State University,2021,NA,87616,NA
Montana State University,2021,NA,92179,NA
Montana State University,2021,NA,94616,NA
Montana State University,2021,NA,120000,NA
Montana State University,2021,NA,177674,NA
Montana State University,2021,NA,192000,NA
Montana State University,2021,NA,238500,NA
Montana State University,2021,NA,255000,NA
Montana State University,2021,NA,264000,NA
Montana State University,2021,NA,294000,NA
Montana State University,2021,NA,299754,NA
Montana State University,2021,NA,346966,NA
Montana State University,2021,NA,387571,NA
Montana State University,2021,NA,390400,NA
Montana State University,2021,NA,500000,NA
Montana State University,2021,NA,511000,NA
Montana State University,2021,NA,526866,NA
Montana State University,2021,NA,644000,NA
Montana State University,2021,NA,749903,NA
Montana State University,2021,NA,962563,NA
Montana State University,2021,NA,1500000,NA
Montana State University,2021,NA,1963786,NA
Montana State University,2021,NA,2888871,NA
Montana State University,2021,NA,9076533,NA
Montana State University,2022,NA,13461,NA
Montana State University,2022,NA,32541,NA
Montana State University,2022,NA,60933,NA
Montana State University,2022,NA,87780,NA
Montana State University,2022,NA,87994,NA
Montana State University,2022,NA,88000,NA
Montana State University,2022,NA,90000,NA
Montana State University,2022,NA,92179,NA
Montana State University,2022,NA,255000,NA
Montana State University,2022,NA,280000,NA
Montana State University,2022,NA,388374,NA
Montana State University,2022,NA,500000,NA
Montana State University,2022,NA,500000,NA
Montana State University,2022,NA,681422,NA
Montana State University,2022,NA,966979,NA
Montana State University,2022,NA,1984908,NA
Montana State University,2022,NA,2940529,NA
Montana State University,2022,NA,10154828,NA
Montana State University,2023,NA,79016,NA
Montana State University,2023,NA,109699,NA
Montana State University,2023,NA,109814,NA
Montana State University,2023,NA,109870,NA
Montana State University,2023,NA,110500,NA
Montana State University,2023,NA,120000,NA
Montana State University,2023,NA,123425,NA
Montana State University,2023,NA,176186,NA
Montana State University,2023,NA,189565,NA
Montana State University,2023,NA,197481,NA
Montana State University,2023,NA,240444,NA
Montana State University,2023,NA,255000,NA
Montana State University,2023,NA,258000,NA
Montana State University,2023,NA,287179,NA
Montana State University,2023,NA,297121,NA
Montana State University,2023,NA,435645,NA
Montana State University,2023,NA,628409,NA
Montana State University,2023,NA,644293,NA
Montana State University,2023,NA,649816,NA
Montana State University,2023,NA,649900,NA
Montana State University,2023,NA,655792,NA
Montana State University,2023,NA,799737,NA
Montana State University,2023,NA,11255000,NA
Montana State University,2024,NA,13016,NA
Montana State University,2024,NA,24373,NA
Montana State University,2024,NA,37300,NA
Montana State University,2024,NA,154511,NA
Montana State University,2024,NA,155350,NA
Montana State University,2024,NA,386792,NA
Montana State University,2024,NA,791136,NA
Montana State University,2024,NA,1193734,NA
University of Idaho,2013,NA,30073,NA
University of Idaho,2013,NA,46097,NA
University of Idaho,2013,NA,50000,NA
University of Idaho,2013,NA,50324,NA
University of Idaho,2013,NA,73500,NA
University of Idaho,2013,NA,74000,NA
University of Idaho,2013,NA,74412,NA
University of Idaho,2013,NA,84554,NA
University of Idaho,2013,NA,107000,NA
University of Idaho,2013,NA,120000,NA
University of Idaho,2013,NA,147732,NA
University of Idaho,2013,NA,149500,NA
University of Idaho,2013,NA,175646,NA
University of Idaho,2013,NA,364501,NA
University of Idaho,2013,NA,424926,NA
University of Idaho,2013,NA,436530,NA
University of Idaho,2013,NA,499454,NA
University of Idaho,2013,NA,575994,NA
University of Idaho,2013,NA,721838,NA
University of Idaho,2013,NA,1117684,NA
University of Idaho,2013,NA,1747425,NA
University of Idaho,2013,NA,2505561,NA
University of Idaho,2014,NA,24747,NA
University of Idaho,2014,NA,47561,NA
University of Idaho,2014,NA,53805,NA
University of Idaho,2014,NA,74412,NA
University of Idaho,2014,NA,78900,NA
University of Idaho,2014,NA,79400,NA
University of Idaho,2014,NA,89939,NA
University of Idaho,2014,NA,145000,NA
University of Idaho,2014,NA,192000,NA
University of Idaho,2014,NA,274300,NA
University of Idaho,2014,NA,388061,NA
University of Idaho,2014,NA,485613,NA
University of Idaho,2014,NA,500000,NA
University of Idaho,2014,NA,642589,NA
University of Idaho,2014,NA,815716,NA
University of Idaho,2014,NA,1947915,NA
University of Idaho,2014,NA,2832852,NA
University of Idaho,2014,NA,4000000,NA
University of Idaho,2015,NA,302,NA
University of Idaho,2015,NA,3155,NA
University of Idaho,2015,NA,11075,NA
University of Idaho,2015,NA,13752,NA
University of Idaho,2015,NA,14016,NA
University of Idaho,2015,NA,24165,NA
University of Idaho,2015,NA,24316,NA
University of Idaho,2015,NA,28508,NA
University of Idaho,2015,NA,42730,NA
University of Idaho,2015,NA,55708,NA
University of Idaho,2015,NA,60396,NA
University of Idaho,2015,NA,73732,NA
University of Idaho,2015,NA,78900,NA
University of Idaho,2015,NA,79400,NA
University of Idaho,2015,NA,89939,NA
University of Idaho,2015,NA,122092,NA
University of Idaho,2015,NA,154986,NA
University of Idaho,2015,NA,168132,NA
University of Idaho,2015,NA,177984,NA
University of Idaho,2015,NA,245884,NA
University of Idaho,2015,NA,274300,NA
University of Idaho,2015,NA,314334,NA
University of Idaho,2015,NA,370104,NA
University of Idaho,2015,NA,474857,NA
University of Idaho,2015,NA,474907,NA
University of Idaho,2015,NA,487838,NA
University of Idaho,2015,NA,498932,NA
University of Idaho,2015,NA,502731,NA
University of Idaho,2015,NA,541680,NA
University of Idaho,2015,NA,649709,NA
University of Idaho,2015,NA,1567524,NA
University of Idaho,2015,NA,2305283,NA
University of Idaho,2015,NA,4000000,NA
University of Idaho,2016,NA,1617,NA
University of Idaho,2016,NA,6169,NA
University of Idaho,2016,NA,11031,NA
University of Idaho,2016,NA,14016,NA
University of Idaho,2016,NA,42660,NA
University of Idaho,2016,NA,54024,NA
University of Idaho,2016,NA,60396,NA
University of Idaho,2016,NA,73623,NA
University of Idaho,2016,NA,78900,NA
University of Idaho,2016,NA,79400,NA
University of Idaho,2016,NA,89939,NA
University of Idaho,2016,NA,115887,NA
University of Idaho,2016,NA,152892,NA
University of Idaho,2016,NA,178944,NA
University of Idaho,2016,NA,189185,NA
University of Idaho,2016,NA,264673,NA
University of Idaho,2016,NA,274300,NA
University of Idaho,2016,NA,275000,NA
University of Idaho,2016,NA,313923,NA
University of Idaho,2016,NA,368149,NA
University of Idaho,2016,NA,401977,NA
University of Idaho,2016,NA,483607,NA
University of Idaho,2016,NA,497975,NA
University of Idaho,2016,NA,522893,NA
University of Idaho,2016,NA,544401,NA
University of Idaho,2016,NA,602500,NA
University of Idaho,2016,NA,652086,NA
University of Idaho,2016,NA,1561130,NA
University of Idaho,2016,NA,2316673,NA
University of Idaho,2017,NA,49951,NA
University of Idaho,2017,NA,52242,NA
University of Idaho,2017,NA,55404,NA
University of Idaho,2017,NA,71679,NA
University of Idaho,2017,NA,74412,NA
University of Idaho,2017,NA,82000,NA
University of Idaho,2017,NA,87000,NA
University of Idaho,2017,NA,149804,NA
University of Idaho,2017,NA,178752,NA
University of Idaho,2017,NA,179092,NA
University of Idaho,2017,NA,228647,NA
University of Idaho,2017,NA,283820,NA
University of Idaho,2017,NA,387546,NA
University of Idaho,2017,NA,451747,NA
University of Idaho,2017,NA,499127,NA
University of Idaho,2017,NA,499998,NA
University of Idaho,2017,NA,499999,NA
University of Idaho,2017,NA,617865,NA
University of Idaho,2017,NA,677500,NA
University of Idaho,2017,NA,805979,NA
University of Idaho,2017,NA,1916907,NA
University of Idaho,2017,NA,2858451,NA
University of Idaho,2017,NA,3414911,NA
University of Idaho,2018,NA,10697,NA
University of Idaho,2018,NA,30892,NA
University of Idaho,2018,NA,52242,NA
University of Idaho,2018,NA,54828,NA
University of Idaho,2018,NA,71679,NA
University of Idaho,2018,NA,74412,NA
University of Idaho,2018,NA,82000,NA
University of Idaho,2018,NA,87000,NA
University of Idaho,2018,NA,148293,NA
University of Idaho,2018,NA,160000,NA
University of Idaho,2018,NA,177795,NA
University of Idaho,2018,NA,180874,NA
University of Idaho,2018,NA,196400,NA
University of Idaho,2018,NA,331974,NA
University of Idaho,2018,NA,388341,NA
University of Idaho,2018,NA,455000,NA
University of Idaho,2018,NA,480791,NA
University of Idaho,2018,NA,619405,NA
University of Idaho,2018,NA,677500,NA
University of Idaho,2018,NA,816125,NA
University of Idaho,2018,NA,1918346,NA
University of Idaho,2018,NA,2825848,NA
University of Idaho,2019,NA,52242,NA
University of Idaho,2019,NA,57114,NA
University of Idaho,2019,NA,71679,NA
University of Idaho,2019,NA,74412,NA
University of Idaho,2019,NA,82000,NA
University of Idaho,2019,NA,87000,NA
University of Idaho,2019,NA,87000,NA
University of Idaho,2019,NA,144723,NA
University of Idaho,2019,NA,164016,NA
University of Idaho,2019,NA,174522,NA
University of Idaho,2019,NA,197865,NA
University of Idaho,2019,NA,293000,NA
University of Idaho,2019,NA,299735,NA
University of Idaho,2019,NA,300000,NA
University of Idaho,2019,NA,324942,NA
University of Idaho,2019,NA,392863,NA
University of Idaho,2019,NA,456860,NA
University of Idaho,2019,NA,469088,NA
University of Idaho,2019,NA,480000,NA
University of Idaho,2019,NA,487459,NA
University of Idaho,2019,NA,499993,NA
University of Idaho,2019,NA,499999,NA
University of Idaho,2019,NA,638984,NA
University of Idaho,2019,NA,677500,NA
University of Idaho,2019,NA,874060,NA
University of Idaho,2019,NA,2038094,NA
University of Idaho,2019,NA,2981839,NA
University of Idaho,2020,NA,10750,NA
University of Idaho,2020,NA,43068,NA
University of Idaho,2020,NA,52242,NA
University of Idaho,2020,NA,52242,NA
University of Idaho,2020,NA,52949,NA
University of Idaho,2020,NA,72165,NA
University of Idaho,2020,NA,74412,NA
University of Idaho,2020,NA,74412,NA
University of Idaho,2020,NA,78295,NA
University of Idaho,2020,NA,88616,NA
University of Idaho,2020,NA,93616,NA
University of Idaho,2020,NA,140000,NA
University of Idaho,2020,NA,177136,NA
University of Idaho,2020,NA,196088,NA
University of Idaho,2020,NA,199923,NA
University of Idaho,2020,NA,199974,NA
University of Idaho,2020,NA,200000,NA
University of Idaho,2020,NA,200000,NA
University of Idaho,2020,NA,200000,NA
University of Idaho,2020,NA,280000,NA
University of Idaho,2020,NA,288999,NA
University of Idaho,2020,NA,298420,NA
University of Idaho,2020,NA,315955,NA
University of Idaho,2020,NA,324470,NA
University of Idaho,2020,NA,397104,NA
University of Idaho,2020,NA,397104,NA
University of Idaho,2020,NA,494021,NA
University of Idaho,2020,NA,495000,NA
University of Idaho,2020,NA,497522,NA
University of Idaho,2020,NA,499864,NA
University of Idaho,2020,NA,500000,NA
University of Idaho,2020,NA,500000,NA
University of Idaho,2020,NA,658798,NA
University of Idaho,2020,NA,660511,NA
University of Idaho,2020,NA,842868,NA
University of Idaho,2020,NA,854436,NA
University of Idaho,2020,NA,2023814,NA
University of Idaho,2020,NA,2030954,NA
University of Idaho,2020,NA,2969058,NA
University of Idaho,2020,NA,2976476,NA
University of Idaho,2020,NA,5756299,NA
University of Idaho,2020,NA,10000000,NA
University of Idaho,2021,NA,9243,NA
University of Idaho,2021,NA,17242,NA
University of Idaho,2021,NA,18425,NA
University of Idaho,2021,NA,33198,NA
University of Idaho,2021,NA,48382,NA
University of Idaho,2021,NA,52242,NA
University of Idaho,2021,NA,57002,NA
University of Idaho,2021,NA,57492,NA
University of Idaho,2021,NA,74412,NA
University of Idaho,2021,NA,78295,NA
University of Idaho,2021,NA,88616,NA
University of Idaho,2021,NA,93616,NA
University of Idaho,2021,NA,94088,NA
University of Idaho,2021,NA,112520,NA
University of Idaho,2021,NA,119215,NA
University of Idaho,2021,NA,119999,NA
University of Idaho,2021,NA,127862,NA
University of Idaho,2021,NA,132000,NA
University of Idaho,2021,NA,160000,NA
University of Idaho,2021,NA,175000,NA
University of Idaho,2021,NA,189308,NA
University of Idaho,2021,NA,199770,NA
University of Idaho,2021,NA,199999,NA
University of Idaho,2021,NA,200000,NA
University of Idaho,2021,NA,229463,NA
University of Idaho,2021,NA,236763,NA
University of Idaho,2021,NA,245330,NA
University of Idaho,2021,NA,250000,NA
University of Idaho,2021,NA,264000,NA
University of Idaho,2021,NA,280000,NA
University of Idaho,2021,NA,281762,NA
University of Idaho,2021,NA,292876,NA
University of Idaho,2021,NA,300000,NA
University of Idaho,2021,NA,329888,NA
University of Idaho,2021,NA,397104,NA
University of Idaho,2021,NA,487608,NA
University of Idaho,2021,NA,493800,NA
University of Idaho,2021,NA,499969,NA
University of Idaho,2021,NA,499985,NA
University of Idaho,2021,NA,499992,NA
University of Idaho,2021,NA,500000,NA
University of Idaho,2021,NA,544158,NA
University of Idaho,2021,NA,600000,NA
University of Idaho,2021,NA,602800,NA
University of Idaho,2021,NA,650000,NA
University of Idaho,2021,NA,681158,NA
University of Idaho,2021,NA,706699,NA
University of Idaho,2021,NA,749832,NA
University of Idaho,2021,NA,800000,NA
University of Idaho,2021,NA,874478,NA
University of Idaho,2021,NA,2024968,NA
University of Idaho,2021,NA,3017159,NA
University of Idaho,2022,NA,0,NA
University of Idaho,2022,NA,50000,NA
University of Idaho,2022,NA,52242,NA
University of Idaho,2022,NA,57045,NA
University of Idaho,2022,NA,74412,NA
University of Idaho,2022,NA,90000,NA
University of Idaho,2022,NA,90000,NA
University of Idaho,2022,NA,90000,NA
University of Idaho,2022,NA,140000,NA
University of Idaho,2022,NA,220518,NA
University of Idaho,2022,NA,224165,NA
University of Idaho,2022,NA,250000,NA
University of Idaho,2022,NA,257602,NA
University of Idaho,2022,NA,270060,NA
University of Idaho,2022,NA,274000,NA
University of Idaho,2022,NA,280000,NA
University of Idaho,2022,NA,280000,NA
University of Idaho,2022,NA,295930,NA
University of Idaho,2022,NA,299432,NA
University of Idaho,2022,NA,299965,NA
University of Idaho,2022,NA,299985,NA
University of Idaho,2022,NA,299985,NA
University of Idaho,2022,NA,300000,NA
University of Idaho,2022,NA,395975,NA
University of Idaho,2022,NA,729251,NA
University of Idaho,2022,NA,788699,NA
University of Idaho,2022,NA,863421,NA
University of Idaho,2022,NA,981000,NA
University of Idaho,2022,NA,1521852,NA
University of Idaho,2022,NA,2044775,NA
University of Idaho,2022,NA,3088177,NA
University of Idaho,2023,NA,50000,NA
University of Idaho,2023,NA,110500,NA
University of Idaho,2023,NA,110500,NA
University of Idaho,2023,NA,110500,NA
University of Idaho,2023,NA,119755,NA
University of Idaho,2023,NA,123163,NA
University of Idaho,2023,NA,143590,NA
University of Idaho,2023,NA,180000,NA
University of Idaho,2023,NA,224984,NA
University of Idaho,2023,NA,225000,NA
University of Idaho,2023,NA,247500,NA
University of Idaho,2023,NA,268326,NA
University of Idaho,2023,NA,276767,NA
University of Idaho,2023,NA,287179,NA
University of Idaho,2023,NA,299997,NA
University of Idaho,2023,NA,300000,NA
University of Idaho,2023,NA,300000,NA
University of Idaho,2023,NA,300000,NA
University of Idaho,2023,NA,479098,NA
University of Idaho,2023,NA,481755,NA
University of Idaho,2023,NA,649997,NA
University of Idaho,2023,NA,748965,NA
University of Idaho,2023,NA,749999,NA
University of Idaho,2023,NA,750000,NA
University of Idaho,2023,NA,771596,NA
University of Idaho,2023,NA,792650,NA
University of Idaho,2023,NA,1115500,NA
University of Idaho,2023,NA,5274299,NA
University of Idaho,2024,NA,20897,NA
University of Idaho,2024,NA,22818,NA
University of Idaho,2024,NA,30111,NA
University of Idaho,2024,NA,158390,NA
University of Idaho,2024,NA,205166,NA
University of Idaho,2024,NA,315480,NA
University of Idaho,2024,NA,345368,NA
University of Idaho,2024,NA,815258,NA
University of Idaho,2024,NA,1235134,NA
University of Montana,2013,NA,66275,NA
University of Montana,2013,NA,612774,NA
University of Montana,2014,NA,683809,NA
University of Montana,2015,NA,129924,NA
University of Montana,2015,NA,542755,NA
University of Montana,2016,NA,127809,NA
University of Montana,2016,NA,149725,NA
University of Montana,2016,NA,485598,NA
University of Montana,2016,NA,553863,NA
University of Montana,2016,NA,1315377,NA
University of Montana,2017,NA,462196,NA
University of Montana,2017,NA,679280,NA
University of Montana,2018,NA,94667,NA
University of Montana,2018,NA,97407,NA
University of Montana,2018,NA,680978,NA
University of Montana,2019,NA,698462,NA
University of Montana,2020,NA,496771,NA
University of Montana,2020,NA,603287,NA
University of Montana,2020,NA,668662,NA
University of Montana,2021,NA,566225,NA
University of Montana,2021,NA,649548,NA
University of Montana,2022,NA,592229,NA
University of Montana,2022,NA,649972,NA
University of Montana,2024,NA,236891,NA
Washington State University,2013,NA,10000,NA
Washington State University,2013,NA,10230,NA
Washington State University,2013,NA,26259,NA
Washington State University,2013,NA,55667,NA
Washington State University,2013,NA,64523,NA
Washington State University,2013,NA,77000,NA
Washington State University,2013,NA,79000,NA
Washington State University,2013,NA,113287,NA
Washington State University,2013,NA,120000,NA
Washington State University,2013,NA,166000,NA
Washington State University,2013,NA,186000,NA
Washington State University,2013,NA,257314,NA
Washington State University,2013,NA,264016,NA
Washington State University,2013,NA,416431,NA
Washington State University,2013,NA,450000,NA
Washington State University,2013,NA,471542,NA
Washington State University,2013,NA,493992,NA
Washington State University,2013,NA,498000,NA
Washington State University,2013,NA,498663,NA
Washington State University,2013,NA,500000,NA
Washington State University,2013,NA,548735,NA
Washington State University,2013,NA,713516,NA
Washington State University,2013,NA,749661,NA
Washington State University,2013,NA,982252,NA
Washington State University,2013,NA,999997,NA
Washington State University,2013,NA,1109297,NA
Washington State University,2013,NA,1472354,NA
Washington State University,2013,NA,2475610,NA
Washington State University,2013,NA,3867352,NA
Washington State University,2013,NA,8000000,NA
Washington State University,2014,NA,10822,NA
Washington State University,2014,NA,16301,NA
Washington State University,2014,NA,17849,NA
Washington State University,2014,NA,32807,NA
Washington State University,2014,NA,55638,NA
Washington State University,2014,NA,64172,NA
Washington State University,2014,NA,77281,NA
Washington State University,2014,NA,82400,NA
Washington State University,2014,NA,84400,NA
Washington State University,2014,NA,130965,NA
Washington State University,2014,NA,155000,NA
Washington State University,2014,NA,156675,NA
Washington State University,2014,NA,202000,NA
Washington State University,2014,NA,298706,NA
Washington State University,2014,NA,465380,NA
Washington State University,2014,NA,494805,NA
Washington State University,2014,NA,495307,NA
Washington State University,2014,NA,495480,NA
Washington State University,2014,NA,499991,NA
Washington State University,2014,NA,528222,NA
Washington State University,2014,NA,794970,NA
Washington State University,2014,NA,1007750,NA
Washington State University,2014,NA,1084751,NA
Washington State University,2014,NA,1611130,NA
Washington State University,2014,NA,2741575,NA
Washington State University,2014,NA,2770746,NA
Washington State University,2014,NA,3169180,NA
Washington State University,2014,NA,4374004,NA
Washington State University,2014,NA,7999120,NA
Washington State University,2015,NA,31,NA
Washington State University,2015,NA,117,NA
Washington State University,2015,NA,2276,NA
Washington State University,2015,NA,3794,NA
Washington State University,2015,NA,9443,NA
Washington State University,2015,NA,12826,NA
Washington State University,2015,NA,15908,NA
Washington State University,2015,NA,25027,NA
Washington State University,2015,NA,31474,NA
Washington State University,2015,NA,48640,NA
Washington State University,2015,NA,61373,NA
Washington State University,2015,NA,65509,NA
Washington State University,2015,NA,79000,NA
Washington State University,2015,NA,82400,NA
Washington State University,2015,NA,84400,NA
Washington State University,2015,NA,88422,NA
Washington State University,2015,NA,100000,NA
Washington State University,2015,NA,100254,NA
Washington State University,2015,NA,123635,NA
Washington State University,2015,NA,151044,NA
Washington State University,2015,NA,155000,NA
Washington State University,2015,NA,199367,NA
Washington State University,2015,NA,202000,NA
Washington State University,2015,NA,306115,NA
Washington State University,2015,NA,383706,NA
Washington State University,2015,NA,417173,NA
Washington State University,2015,NA,425001,NA
Washington State University,2015,NA,444729,NA
Washington State University,2015,NA,465745,NA
Washington State University,2015,NA,471845,NA
Washington State University,2015,NA,485000,NA
Washington State University,2015,NA,493761,NA
Washington State University,2015,NA,493973,NA
Washington State University,2015,NA,494220,NA
Washington State University,2015,NA,500000,NA
Washington State University,2015,NA,526442,NA
Washington State University,2015,NA,643944,NA
Washington State University,2015,NA,682889,NA
Washington State University,2015,NA,749993,NA
Washington State University,2015,NA,836369,NA
Washington State University,2015,NA,915475,NA
Washington State University,2015,NA,1082736,NA
Washington State University,2015,NA,1687270,NA
Washington State University,2015,NA,1994090,NA
Washington State University,2015,NA,2229161,NA
Washington State University,2015,NA,2688111,NA
Washington State University,2015,NA,3559478,NA
Washington State University,2015,NA,8000000,NA
Washington State University,2016,NA,1121,NA
Washington State University,2016,NA,5294,NA
Washington State University,2016,NA,15844,NA
Washington State University,2016,NA,17835,NA
Washington State University,2016,NA,40000,NA
Washington State University,2016,NA,49915,NA
Washington State University,2016,NA,61022,NA
Washington State University,2016,NA,61825,NA
Washington State University,2016,NA,82400,NA
Washington State University,2016,NA,84400,NA
Washington State University,2016,NA,89704,NA
Washington State University,2016,NA,91891,NA
Washington State University,2016,NA,93650,NA
Washington State University,2016,NA,110412,NA
Washington State University,2016,NA,113514,NA
Washington State University,2016,NA,146033,NA
Washington State University,2016,NA,150608,NA
Washington State University,2016,NA,150823,NA
Washington State University,2016,NA,155000,NA
Washington State University,2016,NA,225050,NA
Washington State University,2016,NA,240000,NA
Washington State University,2016,NA,323491,NA
Washington State University,2016,NA,324983,NA
Washington State University,2016,NA,326000,NA
Washington State University,2016,NA,374214,NA
Washington State University,2016,NA,378743,NA
Washington State University,2016,NA,489830,NA
Washington State University,2016,NA,523565,NA
Washington State University,2016,NA,642345,NA
Washington State University,2016,NA,730400,NA
Washington State University,2016,NA,749990,NA
Washington State University,2016,NA,840581,NA
Washington State University,2016,NA,999195,NA
Washington State University,2016,NA,1087536,NA
Washington State University,2016,NA,1586596,NA
Washington State University,2016,NA,1978898,NA
Washington State University,2016,NA,1999950,NA
Washington State University,2016,NA,2114997,NA
Washington State University,2016,NA,2219748,NA
Washington State University,2016,NA,3577109,NA
Washington State University,2017,NA,17443,NA
Washington State University,2017,NA,74341,NA
Washington State University,2017,NA,82063,NA
Washington State University,2017,NA,82660,NA
Washington State University,2017,NA,84000,NA
Washington State University,2017,NA,89490,NA
Washington State University,2017,NA,91277,NA
Washington State University,2017,NA,93232,NA
Washington State University,2017,NA,95000,NA
Washington State University,2017,NA,138014,NA
Washington State University,2017,NA,195711,NA
Washington State University,2017,NA,210174,NA
Washington State University,2017,NA,250000,NA
Washington State University,2017,NA,272998,NA
Washington State University,2017,NA,312238,NA
Washington State University,2017,NA,385247,NA
Washington State University,2017,NA,410000,NA
Washington State University,2017,NA,458145,NA
Washington State University,2017,NA,461599,NA
Washington State University,2017,NA,462282,NA
Washington State University,2017,NA,494390,NA
Washington State University,2017,NA,500000,NA
Washington State University,2017,NA,749118,NA
Washington State University,2017,NA,793168,NA
Washington State University,2017,NA,796800,NA
Washington State University,2017,NA,876758,NA
Washington State University,2017,NA,1000000,NA
Washington State University,2017,NA,1082736,NA
Washington State University,2017,NA,1881357,NA
Washington State University,2017,NA,2725101,NA
Washington State University,2017,NA,4413630,NA
Washington State University,2018,NA,11425,NA
Washington State University,2018,NA,16397,NA
Washington State University,2018,NA,50000,NA
Washington State University,2018,NA,82660,NA
Washington State University,2018,NA,84000,NA
Washington State University,2018,NA,89490,NA
Washington State University,2018,NA,95000,NA
Washington State University,2018,NA,98130,NA
Washington State University,2018,NA,108695,NA
Washington State University,2018,NA,149025,NA
Washington State University,2018,NA,149984,NA
Washington State University,2018,NA,164829,NA
Washington State University,2018,NA,165000,NA
Washington State University,2018,NA,278911,NA
Washington State University,2018,NA,295000,NA
Washington State University,2018,NA,299719,NA
Washington State University,2018,NA,328000,NA
Washington State University,2018,NA,445290,NA
Washington State University,2018,NA,445411,NA
Washington State University,2018,NA,449523,NA
Washington State University,2018,NA,459540,NA
Washington State University,2018,NA,463451,NA
Washington State University,2018,NA,477388,NA
Washington State University,2018,NA,490500,NA
Washington State University,2018,NA,494378,NA
Washington State University,2018,NA,498407,NA
Washington State University,2018,NA,498982,NA
Washington State University,2018,NA,499683,NA
Washington State University,2018,NA,499873,NA
Washington State University,2018,NA,676513,NA
Washington State University,2018,NA,795952,NA
Washington State University,2018,NA,884570,NA
Washington State University,2018,NA,1000000,NA
Washington State University,2018,NA,1082736,NA
Washington State University,2018,NA,1790416,NA
Washington State University,2018,NA,2402944,NA
Washington State University,2018,NA,2727219,NA
Washington State University,2018,NA,3291766,NA
Washington State University,2018,NA,4402946,NA
Washington State University,2018,NA,4966223,NA
Washington State University,2019,NA,22666,NA
Washington State University,2019,NA,37589,NA
Washington State University,2019,NA,49234,NA
Washington State University,2019,NA,71083,NA
Washington State University,2019,NA,82660,NA
Washington State University,2019,NA,84000,NA
Washington State University,2019,NA,89488,NA
Washington State University,2019,NA,89490,NA
Washington State University,2019,NA,107703,NA
Washington State University,2019,NA,114214,NA
Washington State University,2019,NA,115125,NA
Washington State University,2019,NA,119667,NA
Washington State University,2019,NA,120000,NA
Washington State University,2019,NA,160000,NA
Washington State University,2019,NA,182570,NA
Washington State University,2019,NA,187303,NA
Washington State University,2019,NA,250000,NA
Washington State University,2019,NA,299989,NA
Washington State University,2019,NA,299996,NA
Washington State University,2019,NA,300000,NA
Washington State University,2019,NA,316203,NA
Washington State University,2019,NA,323622,NA
Washington State University,2019,NA,446101,NA
Washington State University,2019,NA,451404,NA
Washington State University,2019,NA,455000,NA
Washington State University,2019,NA,467122,NA
Washington State University,2019,NA,475265,NA
Washington State University,2019,NA,480000,NA
Washington State University,2019,NA,484344,NA
Washington State University,2019,NA,494911,NA
Washington State University,2019,NA,498000,NA
Washington State University,2019,NA,499513,NA
Washington State University,2019,NA,499691,NA
Washington State University,2019,NA,500000,NA
Washington State University,2019,NA,811784,NA
Washington State University,2019,NA,878498,NA
Washington State University,2019,NA,996315,NA
Washington State University,2019,NA,1082736,NA
Washington State University,2019,NA,1848682,NA
Washington State University,2019,NA,2340790,NA
Washington State University,2019,NA,2903496,NA
Washington State University,2019,NA,4044300,NA
Washington State University,2019,NA,4645379,NA
Washington State University,2020,NA,9800,NA
Washington State University,2020,NA,14413,NA
Washington State University,2020,NA,18858,NA
Washington State University,2020,NA,24553,NA
Washington State University,2020,NA,50000,NA
Washington State University,2020,NA,79465,NA
Washington State University,2020,NA,80000,NA
Washington State University,2020,NA,82660,NA
Washington State University,2020,NA,84108,NA
Washington State University,2020,NA,86526,NA
Washington State University,2020,NA,90616,NA
Washington State University,2020,NA,96106,NA
Washington State University,2020,NA,120000,NA
Washington State University,2020,NA,161887,NA
Washington State University,2020,NA,180000,NA
Washington State University,2020,NA,199805,NA
Washington State University,2020,NA,250000,NA
Washington State University,2020,NA,288172,NA
Washington State University,2020,NA,290904,NA
Washington State University,2020,NA,392866,NA
Washington State University,2020,NA,399993,NA
Washington State University,2020,NA,401645,NA
Washington State University,2020,NA,445000,NA
Washington State University,2020,NA,449936,NA
Washington State University,2020,NA,450000,NA
Washington State University,2020,NA,475000,NA
Washington State University,2020,NA,487338,NA
Washington State University,2020,NA,494706,NA
Washington State University,2020,NA,499048,NA
Washington State University,2020,NA,499644,NA
Washington State University,2020,NA,499660,NA
Washington State University,2020,NA,500000,NA
Washington State University,2020,NA,500000,NA
Washington State University,2020,NA,500000,NA
Washington State University,2020,NA,500000,NA
Washington State University,2020,NA,500000,NA
Washington State University,2020,NA,789500,NA
Washington State University,2020,NA,826635,NA
Washington State University,2020,NA,826635,NA
Washington State University,2020,NA,904320,NA
Washington State University,2020,NA,910080,NA
Washington State University,2020,NA,946115,NA
Washington State University,2020,NA,1030115,NA
Washington State University,2020,NA,1082736,NA
Washington State University,2020,NA,2190747,NA
Washington State University,2020,NA,2208947,NA
Washington State University,2020,NA,2400000,NA
Washington State University,2020,NA,2882474,NA
Washington State University,2020,NA,2892985,NA
Washington State University,2020,NA,4624011,NA
Washington State University,2020,NA,4634695,NA
Washington State University,2021,NA,0,NA
Washington State University,2021,NA,0,NA
Washington State University,2021,NA,0,NA
Washington State University,2021,NA,6014,NA
Washington State University,2021,NA,9242,NA
Washington State University,2021,NA,15563,NA
Washington State University,2021,NA,84108,NA
Washington State University,2021,NA,88889,NA
Washington State University,2021,NA,90616,NA
Washington State University,2021,NA,96106,NA
Washington State University,2021,NA,100000,NA
Washington State University,2021,NA,100000,NA
Washington State University,2021,NA,119965,NA
Washington State University,2021,NA,120000,NA
Washington State University,2021,NA,132000,NA
Washington State University,2021,NA,142977,NA
Washington State University,2021,NA,144524,NA
Washington State University,2021,NA,160000,NA
Washington State University,2021,NA,165000,NA
Washington State University,2021,NA,180000,NA
Washington State University,2021,NA,183840,NA
Washington State University,2021,NA,249647,NA
Washington State University,2021,NA,250000,NA
Washington State University,2021,NA,476530,NA
Washington State University,2021,NA,499962,NA
Washington State University,2021,NA,649996,NA
Washington State University,2021,NA,650000,NA
Washington State University,2021,NA,710000,NA
Washington State University,2021,NA,750000,NA
Washington State University,2021,NA,750000,NA
Washington State University,2021,NA,826635,NA
Washington State University,2021,NA,943332,NA
Washington State University,2021,NA,1000000,NA
Washington State University,2021,NA,1009522,NA
Washington State University,2021,NA,1499887,NA
Washington State University,2021,NA,2205700,NA
Washington State University,2021,NA,2247797,NA
Washington State University,2021,NA,2400000,NA
Washington State University,2021,NA,2884173,NA
Washington State University,2021,NA,3716505,NA
Washington State University,2021,NA,4000000,NA
Washington State University,2021,NA,4697700,NA
Washington State University,2021,NA,4853908,NA
Washington State University,2021,NA,10000000,NA
Washington State University,2022,NA,3014,NA
Washington State University,2022,NA,24348,NA
Washington State University,2022,NA,41065,NA
Washington State University,2022,NA,82660,NA
Washington State University,2022,NA,83199,NA
Washington State University,2022,NA,86126,NA
Washington State University,2022,NA,87548,NA
Washington State University,2022,NA,88576,NA
Washington State University,2022,NA,140000,NA
Washington State University,2022,NA,153517,NA
Washington State University,2022,NA,165090,NA
Washington State University,2022,NA,183840,NA
Washington State University,2022,NA,224409,NA
Washington State University,2022,NA,250000,NA
Washington State University,2022,NA,253099,NA
Washington State University,2022,NA,280000,NA
Washington State University,2022,NA,295376,NA
Washington State University,2022,NA,300000,NA
Washington State University,2022,NA,349819,NA
Washington State University,2022,NA,479884,NA
Washington State University,2022,NA,547535,NA
Washington State University,2022,NA,562492,NA
Washington State University,2022,NA,593007,NA
Washington State University,2022,NA,595120,NA
Washington State University,2022,NA,600000,NA
Washington State University,2022,NA,650000,NA
Washington State University,2022,NA,650000,NA
Washington State University,2022,NA,822514,NA
Washington State University,2022,NA,999505,NA
Washington State University,2022,NA,1010163,NA
Washington State University,2022,NA,1500000,NA
Washington State University,2022,NA,2000476,NA
Washington State University,2022,NA,2121750,NA
Washington State University,2022,NA,2246685,NA
Washington State University,2022,NA,2400000,NA
Washington State University,2022,NA,2914711,NA
Washington State University,2022,NA,4000000,NA
Washington State University,2022,NA,4773180,NA
Washington State University,2022,NA,5176559,NA
Washington State University,2023,NA,30000,NA
Washington State University,2023,NA,50000,NA
Washington State University,2023,NA,106063,NA
Washington State University,2023,NA,109190,NA
Washington State University,2023,NA,115205,NA
Washington State University,2023,NA,116460,NA
Washington State University,2023,NA,116867,NA
Washington State University,2023,NA,119760,NA
Washington State University,2023,NA,143590,NA
Washington State University,2023,NA,150000,NA
Washington State University,2023,NA,174771,NA
Washington State University,2023,NA,249777,NA
Washington State University,2023,NA,250000,NA
Washington State University,2023,NA,254469,NA
Washington State University,2023,NA,287179,NA
Washington State University,2023,NA,300000,NA
Washington State University,2023,NA,498100,NA
Washington State University,2023,NA,594000,NA
Washington State University,2023,NA,603000,NA
Washington State University,2023,NA,612113,NA
Washington State University,2023,NA,647341,NA
Washington State University,2023,NA,649215,NA
Washington State University,2023,NA,649748,NA
Washington State University,2023,NA,650000,NA
Washington State University,2023,NA,650000,NA
Washington State University,2023,NA,741631,NA
Washington State University,2023,NA,849135,NA
Washington State University,2023,NA,1000000,NA
Washington State University,2023,NA,1176000,NA
Washington State University,2023,NA,1300000,NA
Washington State University,2023,NA,1300000,NA
Washington State University,2023,NA,1500000,NA
Washington State University,2023,NA,2052745,NA
Washington State University,2023,NA,2121750,NA
Washington State University,2023,NA,2169099,NA
Washington State University,2023,NA,2850000,NA
Washington State University,2023,NA,8000000,NA
Washington State University,2024,NA,1206,NA
Washington State University,2024,NA,33064,NA
Washington State University,2024,NA,34450,NA
Washington State University,2024,NA,50000,NA
Washington State University,2024,NA,191953,NA
Washington State University,2024,NA,329005,NA
Washington State University,2024,NA,898674,NA
Washington State University,2024,NA,1161802,NA
Washington State University,2024,NA,1909061,NA
